SN,Truck ID,Date,Maintenance Type,Priority,Description,Part Replaced,Mechanic Name,Downtime_Days,Cost_USD,Remarks
1,TRK-ACT-01,2024-07-19,Preventive,Low,Coolant System Flush performed per scheduled maintenance calendar.,Coolant + Thermostat,Jessica Holmes,0.7,259.44,Routine preventive service; vehicle returned to service after 0.7 day(s).
2,TRK-ACT-01,2024-08-05,Corrective,Low,"Water Pump Failure; part inspected, replaced, and road-tested.",Water Pump,Michael Lewis,2.2,220.44,"Unscheduled repair. Vehicle down for 2.2 day(s), cost $220.44 USD."
3,TRK-ACT-01,2024-10-09,Corrective,Critical,"Turbocharger Assembly Failure; part inspected, replaced, and road-tested.",Turbocharger Assembly,John Pierce,6.4,1600.0,"Unscheduled repair. Vehicle down for 6.4 day(s), cost $1,600.00 USD."
4,TRK-ACT-01,2024-10-18,Preventive,Medium,Battery Health Check & Replacement performed per scheduled maintenance calendar.,Heavy-Duty Battery,John Daniel,1.0,317.58,Routine preventive service; vehicle returned to service after 1.0 day(s).
5,TRK-ACT-01,2024-10-23,Corrective,Critical,"Differential Failure; part inspected, replaced, and road-tested.",Differential Assembly,Brent Jordan,5.9,1529.01,"Unscheduled repair. Vehicle down for 5.9 day(s), cost $1,529.01 USD."
6,TRK-ACT-01,2024-11-22,Corrective,Low,"Electrical / Wiring Fault; part inspected, replaced, and road-tested.",Wiring Harness Section,Joshua Blair,1.0,367.81,"Unscheduled repair. Vehicle down for 1.0 day(s), cost $367.81 USD."
7,TRK-ACT-01,2025-01-28,Preventive,Medium,Battery Health Check & Replacement performed per scheduled maintenance calendar.,Heavy-Duty Battery,Eric Carney,0.7,352.83,Routine preventive service; vehicle returned to service after 0.7 day(s).
8,TRK-ACT-01,2025-03-19,Corrective,High,"Fuel Injector Malfunction; part inspected, replaced, and road-tested.",Fuel Injector Set,Jessica Holmes,2.3,789.41,"Unscheduled repair. Vehicle down for 2.3 day(s), cost $789.41 USD."
9,TRK-ACT-01,2025-04-24,Corrective,High,"Clutch Assembly Failure; part inspected, replaced, and road-tested.",Clutch Plate & Pressure Plate,Joshua Blair,4.3,1025.51,"Unscheduled repair. Vehicle down for 4.3 day(s), cost $1,025.51 USD."
10,TRK-ACT-01,2025-05-24,Preventive,Medium,Full Preventive Service Inspection performed per scheduled maintenance calendar.,Multi-point Service Kit,Danny Morgan,1.0,330.03,Routine preventive service; vehicle returned to service after 1.0 day(s).
11,TRK-ACT-01,2025-06-14,Corrective,Medium,"Starter Motor Failure; part inspected, replaced, and road-tested.",Starter Motor,Brent Jordan,1.6,543.75,"Unscheduled repair. Vehicle down for 1.6 day(s), cost $543.75 USD."
12,TRK-ACT-01,2025-06-27,Corrective,Critical,"Gearbox Overhaul; part inspected, replaced, and road-tested.",Gearbox Assembly,Mark Perez,6.4,1529.34,"Unscheduled repair. Vehicle down for 6.4 day(s), cost $1,529.34 USD."
13,TRK-ACT-01,2025-08-18,Preventive,Low,Oil & Filter Change performed per scheduled maintenance calendar.,Engine Oil + Oil Filter,Michael Lewis,0.9,184.24,Routine preventive service; vehicle returned to service after 0.9 day(s).
14,TRK-ACT-01,2025-08-30,Corrective,Critical,"Turbocharger Assembly Failure; part inspected, replaced, and road-tested.",Turbocharger Assembly,Richard Aguirre,6.1,1363.17,"Unscheduled repair. Vehicle down for 6.1 day(s), cost $1,363.17 USD."
15,TRK-ACT-01,2025-10-31,Corrective,Critical,"Gearbox Overhaul; part inspected, replaced, and road-tested.",Gearbox Assembly,Shannon Jones,7.6,1335.53,"Unscheduled repair. Vehicle down for 7.6 day(s), cost $1,335.53 USD."
16,TRK-ACT-01,2025-11-09,Preventive,Low,Tire Rotation & Pressure Check performed per scheduled maintenance calendar.,N/A (Service Only),Shannon Jones,0.8,171.9,Routine preventive service; vehicle returned to service after 0.8 day(s).
17,TRK-ACT-01,2026-02-02,Preventive,Medium,Full Preventive Service Inspection performed per scheduled maintenance calendar.,Multi-point Service Kit,Victoria Garcia,1.3,392.09,Routine preventive service; vehicle returned to service after 1.3 day(s).
18,TRK-ACT-01,2026-02-21,Corrective,Low,"Electrical / Wiring Fault; part inspected, replaced, and road-tested.",Wiring Harness Section,John Daniel,1.6,256.76,"Unscheduled repair. Vehicle down for 1.6 day(s), cost $256.76 USD."
19,TRK-ACT-01,2026-05-11,Preventive,Medium,Full Preventive Service Inspection performed per scheduled maintenance calendar.,Multi-point Service Kit,Shannon Jones,1.3,367.77,Routine preventive service; vehicle returned to service after 1.3 day(s).
20,TRK-ACT-01,2026-05-16,Corrective,Medium,"Alternator Failure; part inspected, replaced, and road-tested.",Alternator Unit,John Daniel,1.4,580.7,"Unscheduled repair. Vehicle down for 1.4 day(s), cost $580.70 USD."
21,TRK-ACT-02,2024-08-10,Preventive,Medium,Full Preventive Service Inspection performed per scheduled maintenance calendar.,Multi-point Service Kit,Shane Henderson,1.5,333.31,Routine preventive service; vehicle returned to service after 1.5 day(s).
22,TRK-ACT-02,2024-10-30,Preventive,Low,Air Filter Replacement performed per scheduled maintenance calendar.,Air Filter Element,Mark Perez,0.8,154.72,Routine preventive service; vehicle returned to service after 0.8 day(s).
23,TRK-ACT-02,2025-02-07,Preventive,Low,Tire Rotation & Pressure Check performed per scheduled maintenance calendar.,N/A (Service Only),Timothy Duncan,0.6,180.3,Routine preventive service; vehicle returned to service after 0.6 day(s).
24,TRK-ACT-02,2025-05-19,Preventive,Medium,Brake Inspection & Pad Service performed per scheduled maintenance calendar.,Brake Pads (Front/Rear),Eric Carney,1.5,316.28,Routine preventive service; vehicle returned to service after 1.5 day(s).
25,TRK-ACT-02,2025-08-31,Preventive,Medium,Brake Inspection & Pad Service performed per scheduled maintenance calendar.,Brake Pads (Front/Rear),John Pierce,1.4,355.93,Routine preventive service; vehicle returned to service after 1.4 day(s).
26,TRK-ACT-02,2025-11-22,Preventive,Low,Air Filter Replacement performed per scheduled maintenance calendar.,Air Filter Element,Victoria Garcia,0.7,157.32,Routine preventive service; vehicle returned to service after 0.7 day(s).
27,TRK-ACT-02,2026-02-09,Preventive,Low,Oil & Filter Change performed per scheduled maintenance calendar.,Engine Oil + Oil Filter,John Daniel,1.0,256.9,Routine preventive service; vehicle returned to service after 1.0 day(s).
28,TRK-ACT-02,2026-05-12,Preventive,Medium,Brake Inspection & Pad Service performed per scheduled maintenance calendar.,Brake Pads (Front/Rear),Richard Aguirre,1.3,376.16,Routine preventive service; vehicle returned to service after 1.3 day(s).
29,TRK-ACT-03,2024-08-12,Preventive,Low,Tire Rotation & Pressure Check performed per scheduled maintenance calendar.,N/A (Service Only),Michael Lewis,0.8,200.15,Routine preventive service; vehicle returned to service after 0.8 day(s).
30,TRK-ACT-03,2024-08-18,Corrective,Critical,"Differential Failure; part inspected, replaced, and road-tested.",Differential Assembly,Mark Perez,5.0,1155.83,"Unscheduled repair. Vehicle down for 5.0 day(s), cost $1,155.83 USD."
31,TRK-ACT-03,2024-09-22,Corrective,Low,"Water Pump Failure; part inspected, replaced, and road-tested.",Water Pump,Crystal Robinson,2.0,278.18,"Unscheduled repair. Vehicle down for 2.0 day(s), cost $278.18 USD."
32,TRK-ACT-03,2024-10-31,Preventive,Low,Air Filter Replacement performed per scheduled maintenance calendar.,Air Filter Element,Danny Morgan,0.8,169.17,Routine preventive service; vehicle returned to service after 0.8 day(s).
33,TRK-ACT-03,2024-12-07,Corrective,High,"Fuel Injector Malfunction; part inspected, replaced, and road-tested.",Fuel Injector Set,Danny Morgan,2.7,894.79,"Unscheduled repair. Vehicle down for 2.7 day(s), cost $894.79 USD."
34,TRK-ACT-03,2024-12-14,Corrective,Medium,"Starter Motor Failure; part inspected, replaced, and road-tested.",Starter Motor,Crystal Robinson,2.0,515.32,"Unscheduled repair. Vehicle down for 2.0 day(s), cost $515.32 USD."
35,TRK-ACT-03,2024-12-15,Corrective,High,"Clutch Assembly Failure; part inspected, replaced, and road-tested.",Clutch Plate & Pressure Plate,Shane Henderson,3.3,712.93,"Unscheduled repair. Vehicle down for 3.3 day(s), cost $712.93 USD."
36,TRK-ACT-03,2025-01-21,Preventive,Medium,Battery Health Check & Replacement performed per scheduled maintenance calendar.,Heavy-Duty Battery,Brent Jordan,0.9,229.21,Routine preventive service; vehicle returned to service after 0.9 day(s).
37,TRK-ACT-03,2025-03-30,Preventive,Medium,Battery Health Check & Replacement performed per scheduled maintenance calendar.,Heavy-Duty Battery,Shane Henderson,0.8,361.45,Routine preventive service; vehicle returned to service after 0.8 day(s).
38,TRK-ACT-03,2025-06-08,Corrective,Critical,"Gearbox Overhaul; part inspected, replaced, and road-tested.",Gearbox Assembly,Crystal Robinson,6.8,1448.93,"Unscheduled repair. Vehicle down for 6.8 day(s), cost $1,448.93 USD."
39,TRK-ACT-03,2025-06-16,Preventive,Low,Tire Rotation & Pressure Check performed per scheduled maintenance calendar.,N/A (Service Only),Eric Carney,0.9,187.84,Routine preventive service; vehicle returned to service after 0.9 day(s).
40,TRK-ACT-03,2025-09-26,Preventive,Low,Air Filter Replacement performed per scheduled maintenance calendar.,Air Filter Element,Eric Carney,0.6,185.29,Routine preventive service; vehicle returned to service after 0.6 day(s).
41,TRK-ACT-03,2025-12-21,Preventive,Medium,Brake Inspection & Pad Service performed per scheduled maintenance calendar.,Brake Pads (Front/Rear),Shannon Jones,1.1,342.56,Routine preventive service; vehicle returned to service after 1.1 day(s).
42,TRK-ACT-03,2026-03-20,Corrective,Medium,"Suspension Leaf Spring Break; part inspected, replaced, and road-tested.",Leaf Spring Set,John Pierce,2.5,482.45,"Unscheduled repair. Vehicle down for 2.5 day(s), cost $482.45 USD."
43,TRK-ACT-03,2026-03-31,Preventive,Low,Oil & Filter Change performed per scheduled maintenance calendar.,Engine Oil + Oil Filter,Eric Carney,0.9,242.18,Routine preventive service; vehicle returned to service after 0.9 day(s).
44,TRK-ACT-03,2026-04-05,Corrective,Low,"Electrical / Wiring Fault; part inspected, replaced, and road-tested.",Wiring Harness Section,John Pierce,0.6,239.91,"Unscheduled repair. Vehicle down for 0.6 day(s), cost $239.91 USD."
45,TRK-ACT-03,2026-06-18,Preventive,Low,Tire Rotation & Pressure Check performed per scheduled maintenance calendar.,N/A (Service Only),Shannon Jones,0.8,177.01,Routine preventive service; vehicle returned to service after 0.8 day(s).
46,TRK-ACT-04,2024-07-27,Preventive,Low,Air Filter Replacement performed per scheduled maintenance calendar.,Air Filter Element,John Pierce,0.6,157.5,Routine preventive service; vehicle returned to service after 0.6 day(s).
47,TRK-ACT-04,2024-10-09,Preventive,Low,Coolant System Flush performed per scheduled maintenance calendar.,Coolant + Thermostat,Joshua Blair,0.8,184.55,Routine preventive service; vehicle returned to service after 0.8 day(s).
48,TRK-ACT-04,2024-12-28,Preventive,Low,Oil & Filter Change performed per scheduled maintenance calendar.,Engine Oil + Oil Filter,John Daniel,0.8,217.3,Routine preventive service; vehicle returned to service after 0.8 day(s).
49,TRK-ACT-04,2025-04-01,Preventive,Low,Air Filter Replacement performed per scheduled maintenance calendar.,Air Filter Element,Jessica Holmes,0.7,160.3,Routine preventive service; vehicle returned to service after 0.7 day(s).
50,TRK-ACT-04,2025-06-11,Corrective,Medium,"Alternator Failure; part inspected, replaced, and road-tested.",Alternator Unit,Crystal Robinson,1.3,567.0,"Unscheduled repair. Vehicle down for 1.3 day(s), cost $567.00 USD."
51,TRK-ACT-04,2025-06-27,Preventive,Low,Oil & Filter Change performed per scheduled maintenance calendar.,Engine Oil + Oil Filter,Mark Perez,0.9,219.28,Routine preventive service; vehicle returned to service after 0.9 day(s).
52,TRK-ACT-04,2025-10-16,Preventive,Medium,Full Preventive Service Inspection performed per scheduled maintenance calendar.,Multi-point Service Kit,Brent Jordan,1.2,426.35,Routine preventive service; vehicle returned to service after 1.2 day(s).
53,TRK-ACT-04,2026-02-10,Preventive,Medium,Battery Health Check & Replacement performed per scheduled maintenance calendar.,Heavy-Duty Battery,Crystal Robinson,1.0,214.38,Routine preventive service; vehicle returned to service after 1.0 day(s).
54,TRK-ACT-04,2026-04-13,Corrective,High,"Clutch Assembly Failure; part inspected, replaced, and road-tested.",Clutch Plate & Pressure Plate,John Daniel,3.9,805.9,"Unscheduled repair. Vehicle down for 3.9 day(s), cost $805.90 USD."
55,TRK-ACT-04,2026-04-13,Corrective,Low,"Water Pump Failure; part inspected, replaced, and road-tested.",Water Pump,Joshua Blair,1.8,406.06,"Unscheduled repair. Vehicle down for 1.8 day(s), cost $406.06 USD."
56,TRK-ACT-04,2026-05-09,Preventive,Low,Tire Rotation & Pressure Check performed per scheduled maintenance calendar.,N/A (Service Only),Jessica Holmes,0.7,193.27,Routine preventive service; vehicle returned to service after 0.7 day(s).
57,TRK-ACT-04,2026-05-15,Corrective,Critical,"Gearbox Overhaul; part inspected, replaced, and road-tested.",Gearbox Assembly,Brent Jordan,6.5,1453.99,"Unscheduled repair. Vehicle down for 6.5 day(s), cost $1,453.99 USD."
58,TRK-ACT-05,2024-07-28,Corrective,High,"Fuel Injector Malfunction; part inspected, replaced, and road-tested.",Fuel Injector Set,Michael Lewis,3.2,765.49,"Unscheduled repair. Vehicle down for 3.2 day(s), cost $765.49 USD."
59,TRK-ACT-05,2024-08-14,Preventive,Low,Air Filter Replacement performed per scheduled maintenance calendar.,Air Filter Element,Victoria Garcia,0.9,198.28,Routine preventive service; vehicle returned to service after 0.9 day(s).
60,TRK-ACT-05,2024-09-23,Corrective,Low,"Water Pump Failure; part inspected, replaced, and road-tested.",Water Pump,Jessica Holmes,1.5,432.22,"Unscheduled repair. Vehicle down for 1.5 day(s), cost $432.22 USD."
61,TRK-ACT-05,2024-11-10,Preventive,Medium,Battery Health Check & Replacement performed per scheduled maintenance calendar.,Heavy-Duty Battery,Danny Morgan,1.0,377.71,Routine preventive service; vehicle returned to service after 1.0 day(s).
62,TRK-ACT-05,2024-11-13,Corrective,High,"Radiator Leak / Overheating; part inspected, replaced, and road-tested.",Radiator Assembly,Jessica Holmes,3.3,607.04,"Unscheduled repair. Vehicle down for 3.3 day(s), cost $607.04 USD."
63,TRK-ACT-05,2025-02-04,Preventive,Low,Oil & Filter Change performed per scheduled maintenance calendar.,Engine Oil + Oil Filter,Timothy Duncan,0.9,232.24,Routine preventive service; vehicle returned to service after 0.9 day(s).
64,TRK-ACT-05,2025-04-19,Corrective,Low,"Electrical / Wiring Fault; part inspected, replaced, and road-tested.",Wiring Harness Section,Victoria Garcia,1.4,179.64,"Unscheduled repair. Vehicle down for 1.4 day(s), cost $179.64 USD."
65,TRK-ACT-05,2025-05-09,Preventive,Medium,Full Preventive Service Inspection performed per scheduled maintenance calendar.,Multi-point Service Kit,Shane Henderson,1.5,431.68,Routine preventive service; vehicle returned to service after 1.5 day(s).
66,TRK-ACT-05,2025-05-31,Corrective,Critical,"Differential Failure; part inspected, replaced, and road-tested.",Differential Assembly,Michael Lewis,4.7,1321.35,"Unscheduled repair. Vehicle down for 4.7 day(s), cost $1,321.35 USD."
67,TRK-ACT-05,2025-09-02,Preventive,Low,Oil & Filter Change performed per scheduled maintenance calendar.,Engine Oil + Oil Filter,Eric Carney,0.8,151.05,Routine preventive service; vehicle returned to service after 0.8 day(s).
68,TRK-ACT-05,2025-12-03,Preventive,Medium,Brake Inspection & Pad Service performed per scheduled maintenance calendar.,Brake Pads (Front/Rear),Jessica Holmes,1.5,314.64,Routine preventive service; vehicle returned to service after 1.5 day(s).
69,TRK-ACT-05,2025-12-22,Corrective,Medium,"Starter Motor Failure; part inspected, replaced, and road-tested.",Starter Motor,Richard Aguirre,1.6,463.99,"Unscheduled repair. Vehicle down for 1.6 day(s), cost $463.99 USD."
70,TRK-ACT-05,2026-01-28,Corrective,Low,"Water Pump Failure; part inspected, replaced, and road-tested.",Water Pump,Mark Perez,2.2,395.91,"Unscheduled repair. Vehicle down for 2.2 day(s), cost $395.91 USD."
71,TRK-ACT-05,2026-02-14,Corrective,High,"Clutch Assembly Failure; part inspected, replaced, and road-tested.",Clutch Plate & Pressure Plate,Danny Morgan,4.1,870.0,"Unscheduled repair. Vehicle down for 4.1 day(s), cost $870.00 USD."
72,TRK-ACT-05,2026-02-25,Corrective,Medium,"Starter Motor Failure; part inspected, replaced, and road-tested.",Starter Motor,Mark Perez,1.5,544.29,"Unscheduled repair. Vehicle down for 1.5 day(s), cost $544.29 USD."
73,TRK-ACT-05,2026-03-03,Preventive,Low,Coolant System Flush performed per scheduled maintenance calendar.,Coolant + Thermostat,Crystal Robinson,0.7,187.98,Routine preventive service; vehicle returned to service after 0.7 day(s).
74,TRK-ACT-05,2026-06-01,Preventive,Low,Coolant System Flush performed per scheduled maintenance calendar.,Coolant + Thermostat,Victoria Garcia,0.5,277.45,Routine preventive service; vehicle returned to service after 0.5 day(s).
75,TRK-ACT-05,2026-06-06,Corrective,High,"Clutch Assembly Failure; part inspected, replaced, and road-tested.",Clutch Plate & Pressure Plate,Timothy Duncan,3.8,907.8,"Unscheduled repair. Vehicle down for 3.8 day(s), cost $907.80 USD."
76,TRK-ACT-06,2024-07-02,Corrective,Medium,"Starter Motor Failure; part inspected, replaced, and road-tested.",Starter Motor,Jessica Holmes,2.2,498.79,"Unscheduled repair. Vehicle down for 2.2 day(s), cost $498.79 USD."
77,TRK-ACT-06,2024-08-27,Preventive,Medium,Full Preventive Service Inspection performed per scheduled maintenance calendar.,Multi-point Service Kit,John Pierce,1.2,303.52,Routine preventive service; vehicle returned to service after 1.2 day(s).
78,TRK-ACT-06,2024-10-12,Corrective,Medium,"Starter Motor Failure; part inspected, replaced, and road-tested.",Starter Motor,Crystal Robinson,1.9,376.89,"Unscheduled repair. Vehicle down for 1.9 day(s), cost $376.89 USD."
79,TRK-ACT-06,2024-11-22,Preventive,Medium,Brake Inspection & Pad Service performed per scheduled maintenance calendar.,Brake Pads (Front/Rear),Mark Perez,1.3,418.53,Routine preventive service; vehicle returned to service after 1.3 day(s).
80,TRK-ACT-06,2025-02-06,Preventive,Medium,Brake Inspection & Pad Service performed per scheduled maintenance calendar.,Brake Pads (Front/Rear),Brent Jordan,1.2,261.9,Routine preventive service; vehicle returned to service after 1.2 day(s).
81,TRK-ACT-06,2025-03-21,Corrective,Critical,"Differential Failure; part inspected, replaced, and road-tested.",Differential Assembly,Brent Jordan,4.4,1310.32,"Unscheduled repair. Vehicle down for 4.4 day(s), cost $1,310.32 USD."
82,TRK-ACT-06,2025-03-27,Corrective,High,"Radiator Leak / Overheating; part inspected, replaced, and road-tested.",Radiator Assembly,Mark Perez,2.8,739.19,"Unscheduled repair. Vehicle down for 2.8 day(s), cost $739.19 USD."
83,TRK-ACT-06,2025-04-17,Corrective,Medium,"Starter Motor Failure; part inspected, replaced, and road-tested.",Starter Motor,Shannon Jones,1.6,502.41,"Unscheduled repair. Vehicle down for 1.6 day(s), cost $502.41 USD."
84,TRK-ACT-06,2025-04-28,Preventive,Medium,Full Preventive Service Inspection performed per scheduled maintenance calendar.,Multi-point Service Kit,Jessica Holmes,1.1,328.99,Routine preventive service; vehicle returned to service after 1.1 day(s).
85,TRK-ACT-06,2025-05-30,Corrective,Critical,"Gearbox Overhaul; part inspected, replaced, and road-tested.",Gearbox Assembly,Brent Jordan,7.0,1388.93,"Unscheduled repair. Vehicle down for 7.0 day(s), cost $1,388.93 USD."
86,TRK-ACT-06,2025-07-29,Corrective,Medium,"Starter Motor Failure; part inspected, replaced, and road-tested.",Starter Motor,Richard Aguirre,1.2,456.08,"Unscheduled repair. Vehicle down for 1.2 day(s), cost $456.08 USD."
87,TRK-ACT-06,2025-08-11,Preventive,Low,Air Filter Replacement performed per scheduled maintenance calendar.,Air Filter Element,Timothy Duncan,0.5,160.25,Routine preventive service; vehicle returned to service after 0.5 day(s).
88,TRK-ACT-06,2025-10-21,Preventive,Low,Oil & Filter Change performed per scheduled maintenance calendar.,Engine Oil + Oil Filter,Mark Perez,0.6,153.81,Routine preventive service; vehicle returned to service after 0.6 day(s).
89,TRK-ACT-06,2026-01-21,Preventive,Medium,Full Preventive Service Inspection performed per scheduled maintenance calendar.,Multi-point Service Kit,Danny Morgan,1.2,368.36,Routine preventive service; vehicle returned to service after 1.2 day(s).
90,TRK-ACT-06,2026-02-03,Corrective,High,"Radiator Leak / Overheating; part inspected, replaced, and road-tested.",Radiator Assembly,Joshua Blair,2.3,652.2,"Unscheduled repair. Vehicle down for 2.3 day(s), cost $652.20 USD."
91,TRK-ACT-06,2026-02-21,Corrective,High,"Radiator Leak / Overheating; part inspected, replaced, and road-tested.",Radiator Assembly,Joshua Blair,3.1,521.27,"Unscheduled repair. Vehicle down for 3.1 day(s), cost $521.27 USD."
92,TRK-ACT-06,2026-04-05,Preventive,Low,Tire Rotation & Pressure Check performed per scheduled maintenance calendar.,N/A (Service Only),Eric Carney,0.8,233.35,Routine preventive service; vehicle returned to service after 0.8 day(s).
93,TRK-ACT-07,2024-08-15,Preventive,Low,Coolant System Flush performed per scheduled maintenance calendar.,Coolant + Thermostat,Brent Jordan,0.8,185.31,Routine preventive service; vehicle returned to service after 0.8 day(s).
94,TRK-ACT-07,2024-09-17,Corrective,Low,"Water Pump Failure; part inspected, replaced, and road-tested.",Water Pump,Shane Henderson,1.2,262.59,"Unscheduled repair. Vehicle down for 1.2 day(s), cost $262.59 USD."
95,TRK-ACT-07,2024-09-23,Corrective,Medium,"Alternator Failure; part inspected, replaced, and road-tested.",Alternator Unit,Brent Jordan,1.4,522.36,"Unscheduled repair. Vehicle down for 1.4 day(s), cost $522.36 USD."
96,TRK-ACT-07,2024-11-07,Preventive,Low,Coolant System Flush performed per scheduled maintenance calendar.,Coolant + Thermostat,Shannon Jones,0.6,312.96,Routine preventive service; vehicle returned to service after 0.6 day(s).
97,TRK-ACT-07,2024-12-06,Corrective,Medium,"Brake Drum / Shoe Failure; part inspected, replaced, and road-tested.",Brake Drum & Shoe Set,Richard Aguirre,1.5,405.1,"Unscheduled repair. Vehicle down for 1.5 day(s), cost $405.10 USD."
98,TRK-ACT-07,2025-02-25,Preventive,Medium,Battery Health Check & Replacement performed per scheduled maintenance calendar.,Heavy-Duty Battery,Brent Jordan,0.8,290.08,Routine preventive service; vehicle returned to service after 0.8 day(s).
99,TRK-ACT-07,2025-03-01,Corrective,Low,"Water Pump Failure; part inspected, replaced, and road-tested.",Water Pump,Michael Lewis,2.0,350.9,"Unscheduled repair. Vehicle down for 2.0 day(s), cost $350.90 USD."
100,TRK-ACT-07,2025-03-01,Corrective,Medium,"Suspension Leaf Spring Break; part inspected, replaced, and road-tested.",Leaf Spring Set,Danny Morgan,1.3,563.31,"Unscheduled repair. Vehicle down for 1.3 day(s), cost $563.31 USD."
101,TRK-ACT-07,2025-04-27,Corrective,Medium,"Starter Motor Failure; part inspected, replaced, and road-tested.",Starter Motor,Shannon Jones,1.4,347.22,"Unscheduled repair. Vehicle down for 1.4 day(s), cost $347.22 USD."
102,TRK-ACT-07,2025-05-04,Preventive,Low,Tire Rotation & Pressure Check performed per scheduled maintenance calendar.,N/A (Service Only),Jessica Holmes,0.6,190.41,Routine preventive service; vehicle returned to service after 0.6 day(s).
103,TRK-ACT-07,2025-08-05,Preventive,Low,Tire Rotation & Pressure Check performed per scheduled maintenance calendar.,N/A (Service Only),Danny Morgan,0.9,173.86,Routine preventive service; vehicle returned to service after 0.9 day(s).
104,TRK-ACT-07,2025-10-30,Preventive,Medium,Full Preventive Service Inspection performed per scheduled maintenance calendar.,Multi-point Service Kit,John Pierce,1.0,411.45,Routine preventive service; vehicle returned to service after 1.0 day(s).
105,TRK-ACT-07,2025-10-31,Corrective,Medium,"Alternator Failure; part inspected, replaced, and road-tested.",Alternator Unit,Michael Lewis,1.2,520.47,"Unscheduled repair. Vehicle down for 1.2 day(s), cost $520.47 USD."
106,TRK-ACT-07,2026-01-20,Preventive,Low,Coolant System Flush performed per scheduled maintenance calendar.,Coolant + Thermostat,Michael Lewis,0.9,263.23,Routine preventive service; vehicle returned to service after 0.9 day(s).
107,TRK-ACT-07,2026-01-23,Corrective,Medium,"Alternator Failure; part inspected, replaced, and road-tested.",Alternator Unit,Mark Perez,2.2,492.74,"Unscheduled repair. Vehicle down for 2.2 day(s), cost $492.74 USD."
108,TRK-ACT-07,2026-04-09,Preventive,Low,Air Filter Replacement performed per scheduled maintenance calendar.,Air Filter Element,Victoria Garcia,0.6,154.22,Routine preventive service; vehicle returned to service after 0.6 day(s).
109,TRK-ACT-07,2026-06-24,Preventive,Low,Oil & Filter Change performed per scheduled maintenance calendar.,Engine Oil + Oil Filter,Jessica Holmes,0.7,209.98,Routine preventive service; vehicle returned to service after 0.7 day(s).
110,TRK-ACT-08,2024-07-02,Corrective,High,"Fuel Injector Malfunction; part inspected, replaced, and road-tested.",Fuel Injector Set,Timothy Duncan,3.0,564.91,"Unscheduled repair. Vehicle down for 3.0 day(s), cost $564.91 USD."
111,TRK-ACT-08,2024-08-01,Preventive,Low,Tire Rotation & Pressure Check performed per scheduled maintenance calendar.,N/A (Service Only),Victoria Garcia,1.0,159.0,Routine preventive service; vehicle returned to service after 1.0 day(s).
112,TRK-ACT-08,2024-11-02,Preventive,Low,Air Filter Replacement performed per scheduled maintenance calendar.,Air Filter Element,Richard Aguirre,0.5,210.46,Routine preventive service; vehicle returned to service after 0.5 day(s).
113,TRK-ACT-08,2025-01-25,Corrective,Medium,"Alternator Failure; part inspected, replaced, and road-tested.",Alternator Unit,Jessica Holmes,1.4,526.97,"Unscheduled repair. Vehicle down for 1.4 day(s), cost $526.97 USD."
114,TRK-ACT-08,2025-02-03,Preventive,Medium,Full Preventive Service Inspection performed per scheduled maintenance calendar.,Multi-point Service Kit,Mark Perez,1.1,322.68,Routine preventive service; vehicle returned to service after 1.1 day(s).
115,TRK-ACT-08,2025-04-30,Preventive,Medium,Battery Health Check & Replacement performed per scheduled maintenance calendar.,Heavy-Duty Battery,Shane Henderson,0.6,366.04,Routine preventive service; vehicle returned to service after 0.6 day(s).
116,TRK-ACT-08,2025-05-21,Corrective,Critical,"Gearbox Overhaul; part inspected, replaced, and road-tested.",Gearbox Assembly,Joshua Blair,5.4,1446.43,"Unscheduled repair. Vehicle down for 5.4 day(s), cost $1,446.43 USD."
117,TRK-ACT-08,2025-07-20,Preventive,Medium,Brake Inspection & Pad Service performed per scheduled maintenance calendar.,Brake Pads (Front/Rear),Jessica Holmes,1.3,268.84,Routine preventive service; vehicle returned to service after 1.3 day(s).
118,TRK-ACT-08,2025-10-15,Preventive,Medium,Full Preventive Service Inspection performed per scheduled maintenance calendar.,Multi-point Service Kit,Joshua Blair,1.4,344.31,Routine preventive service; vehicle returned to service after 1.4 day(s).
119,TRK-ACT-08,2026-01-04,Preventive,Low,Air Filter Replacement performed per scheduled maintenance calendar.,Air Filter Element,Jessica Holmes,0.8,186.02,Routine preventive service; vehicle returned to service after 0.8 day(s).
120,TRK-ACT-08,2026-04-18,Preventive,Low,Oil & Filter Change performed per scheduled maintenance calendar.,Engine Oil + Oil Filter,Joshua Blair,0.8,255.01,Routine preventive service; vehicle returned to service after 0.8 day(s).
121,TRK-ACT-09,2024-07-19,Preventive,Low,Tire Rotation & Pressure Check performed per scheduled maintenance calendar.,N/A (Service Only),Joshua Blair,0.6,171.75,Routine preventive service; vehicle returned to service after 0.6 day(s).
122,TRK-ACT-09,2024-08-20,Corrective,Critical,"Turbocharger Assembly Failure; part inspected, replaced, and road-tested.",Turbocharger Assembly,John Daniel,6.3,1176.51,"Unscheduled repair. Vehicle down for 6.3 day(s), cost $1,176.51 USD."
123,TRK-ACT-09,2024-10-26,Preventive,Low,Air Filter Replacement performed per scheduled maintenance calendar.,Air Filter Element,Eric Carney,0.8,175.73,Routine preventive service; vehicle returned to service after 0.8 day(s).
124,TRK-ACT-09,2025-01-22,Preventive,Medium,Full Preventive Service Inspection performed per scheduled maintenance calendar.,Multi-point Service Kit,John Daniel,1.4,324.3,Routine preventive service; vehicle returned to service after 1.4 day(s).
125,TRK-ACT-09,2025-02-07,Corrective,Medium,"Brake Drum / Shoe Failure; part inspected, replaced, and road-tested.",Brake Drum & Shoe Set,Eric Carney,1.2,496.43,"Unscheduled repair. Vehicle down for 1.2 day(s), cost $496.43 USD."
126,TRK-ACT-09,2025-03-30,Preventive,Low,Tire Rotation & Pressure Check performed per scheduled maintenance calendar.,N/A (Service Only),Victoria Garcia,0.9,244.72,Routine preventive service; vehicle returned to service after 0.9 day(s).
127,TRK-ACT-09,2025-07-21,Preventive,Low,Air Filter Replacement performed per scheduled maintenance calendar.,Air Filter Element,John Pierce,1.0,196.17,Routine preventive service; vehicle returned to service after 1.0 day(s).
128,TRK-ACT-09,2025-11-01,Corrective,High,"Clutch Assembly Failure; part inspected, replaced, and road-tested.",Clutch Plate & Pressure Plate,Eric Carney,2.5,762.74,"Unscheduled repair. Vehicle down for 2.5 day(s), cost $762.74 USD."
129,TRK-ACT-09,2025-11-03,Preventive,Low,Tire Rotation & Pressure Check performed per scheduled maintenance calendar.,N/A (Service Only),Jessica Holmes,0.5,190.95,Routine preventive service; vehicle returned to service after 0.5 day(s).
130,TRK-ACT-09,2026-02-04,Preventive,Low,Oil & Filter Change performed per scheduled maintenance calendar.,Engine Oil + Oil Filter,Michael Lewis,0.6,259.36,Routine preventive service; vehicle returned to service after 0.6 day(s).
131,TRK-ACT-09,2026-04-27,Preventive,Low,Tire Rotation & Pressure Check performed per scheduled maintenance calendar.,N/A (Service Only),Danny Morgan,0.6,183.75,Routine preventive service; vehicle returned to service after 0.6 day(s).
132,TRK-ACT-09,2026-05-22,Corrective,Low,"Water Pump Failure; part inspected, replaced, and road-tested.",Water Pump,Victoria Garcia,1.3,404.18,"Unscheduled repair. Vehicle down for 1.3 day(s), cost $404.18 USD."
133,TRK-ACT-10,2024-08-29,Preventive,Low,Coolant System Flush performed per scheduled maintenance calendar.,Coolant + Thermostat,Shannon Jones,0.9,242.26,Routine preventive service; vehicle returned to service after 0.9 day(s).
134,TRK-ACT-10,2024-12-06,Preventive,Medium,Battery Health Check & Replacement performed per scheduled maintenance calendar.,Heavy-Duty Battery,Timothy Duncan,0.7,385.29,Routine preventive service; vehicle returned to service after 0.7 day(s).
135,TRK-ACT-10,2025-01-10,Corrective,High,"Radiator Leak / Overheating; part inspected, replaced, and road-tested.",Radiator Assembly,Timothy Duncan,2.7,519.17,"Unscheduled repair. Vehicle down for 2.7 day(s), cost $519.17 USD."
136,TRK-ACT-10,2025-03-07,Preventive,Low,Coolant System Flush performed per scheduled maintenance calendar.,Coolant + Thermostat,Victoria Garcia,0.6,261.53,Routine preventive service; vehicle returned to service after 0.6 day(s).
137,TRK-ACT-10,2025-05-28,Preventive,Low,Tire Rotation & Pressure Check performed per scheduled maintenance calendar.,N/A (Service Only),Mark Perez,0.6,181.3,Routine preventive service; vehicle returned to service after 0.6 day(s).
138,TRK-ACT-10,2025-07-10,Corrective,High,"Fuel Injector Malfunction; part inspected, replaced, and road-tested.",Fuel Injector Set,Victoria Garcia,2.7,540.61,"Unscheduled repair. Vehicle down for 2.7 day(s), cost $540.61 USD."
139,TRK-ACT-10,2025-09-07,Preventive,Low,Air Filter Replacement performed per scheduled maintenance calendar.,Air Filter Element,Eric Carney,0.6,189.19,Routine preventive service; vehicle returned to service after 0.6 day(s).
140,TRK-ACT-10,2025-10-15,Corrective,High,"Clutch Assembly Failure; part inspected, replaced, and road-tested.",Clutch Plate & Pressure Plate,Crystal Robinson,2.8,891.03,"Unscheduled repair. Vehicle down for 2.8 day(s), cost $891.03 USD."
141,TRK-ACT-10,2025-12-01,Preventive,Medium,Brake Inspection & Pad Service performed per scheduled maintenance calendar.,Brake Pads (Front/Rear),Joshua Blair,1.3,270.22,Routine preventive service; vehicle returned to service after 1.3 day(s).
142,TRK-ACT-10,2025-12-25,Corrective,Medium,"Alternator Failure; part inspected, replaced, and road-tested.",Alternator Unit,Joshua Blair,1.3,422.07,"Unscheduled repair. Vehicle down for 1.3 day(s), cost $422.07 USD."
143,TRK-ACT-10,2026-02-23,Preventive,Low,Oil & Filter Change performed per scheduled maintenance calendar.,Engine Oil + Oil Filter,John Pierce,0.5,192.45,Routine preventive service; vehicle returned to service after 0.5 day(s).
144,TRK-ACT-10,2026-04-17,Corrective,Critical,"Gearbox Overhaul; part inspected, replaced, and road-tested.",Gearbox Assembly,Shannon Jones,5.4,1286.79,"Unscheduled repair. Vehicle down for 5.4 day(s), cost $1,286.79 USD."
145,TRK-ACT-10,2026-06-11,Preventive,Low,Coolant System Flush performed per scheduled maintenance calendar.,Coolant + Thermostat,Danny Morgan,1.0,260.39,Routine preventive service; vehicle returned to service after 1.0 day(s).
146,TRK-ACT-11,2024-08-08,Preventive,Medium,Brake Inspection & Pad Service performed per scheduled maintenance calendar.,Brake Pads (Front/Rear),Brent Jordan,1.0,253.34,Routine preventive service; vehicle returned to service after 1.0 day(s).
147,TRK-ACT-11,2024-10-04,Corrective,Low,"Water Pump Failure; part inspected, replaced, and road-tested.",Water Pump,Jessica Holmes,1.9,323.82,"Unscheduled repair. Vehicle down for 1.9 day(s), cost $323.82 USD."
148,TRK-ACT-11,2024-10-11,Corrective,High,"Clutch Assembly Failure; part inspected, replaced, and road-tested.",Clutch Plate & Pressure Plate,Shannon Jones,3.5,857.41,"Unscheduled repair. Vehicle down for 3.5 day(s), cost $857.41 USD."
149,TRK-ACT-11,2024-10-26,Preventive,Medium,Full Preventive Service Inspection performed per scheduled maintenance calendar.,Multi-point Service Kit,Brent Jordan,1.5,449.28,Routine preventive service; vehicle returned to service after 1.5 day(s).
150,TRK-ACT-11,2024-11-03,Corrective,Critical,"Gearbox Overhaul; part inspected, replaced, and road-tested.",Gearbox Assembly,Mark Perez,6.1,1600.0,"Unscheduled repair. Vehicle down for 6.1 day(s), cost $1,600.00 USD."
151,TRK-ACT-11,2025-01-11,Preventive,Medium,Brake Inspection & Pad Service performed per scheduled maintenance calendar.,Brake Pads (Front/Rear),Victoria Garcia,1.1,257.41,Routine preventive service; vehicle returned to service after 1.1 day(s).
152,TRK-ACT-11,2025-03-28,Preventive,Low,Oil & Filter Change performed per scheduled maintenance calendar.,Engine Oil + Oil Filter,Richard Aguirre,0.7,205.44,Routine preventive service; vehicle returned to service after 0.7 day(s).
153,TRK-ACT-11,2025-06-26,Preventive,Low,Oil & Filter Change performed per scheduled maintenance calendar.,Engine Oil + Oil Filter,Shannon Jones,0.9,185.71,Routine preventive service; vehicle returned to service after 0.9 day(s).
154,TRK-ACT-11,2025-09-28,Preventive,Low,Coolant System Flush performed per scheduled maintenance calendar.,Coolant + Thermostat,Danny Morgan,0.8,255.3,Routine preventive service; vehicle returned to service after 0.8 day(s).
155,TRK-ACT-11,2025-12-11,Corrective,Critical,"Differential Failure; part inspected, replaced, and road-tested.",Differential Assembly,Shannon Jones,3.5,1315.3,"Unscheduled repair. Vehicle down for 3.5 day(s), cost $1,315.30 USD."
156,TRK-ACT-11,2025-12-23,Corrective,Medium,"Alternator Failure; part inspected, replaced, and road-tested.",Alternator Unit,Jessica Holmes,1.7,444.18,"Unscheduled repair. Vehicle down for 1.7 day(s), cost $444.18 USD."
157,TRK-ACT-11,2025-12-24,Preventive,Medium,Full Preventive Service Inspection performed per scheduled maintenance calendar.,Multi-point Service Kit,Shannon Jones,1.5,434.44,Routine preventive service; vehicle returned to service after 1.5 day(s).
158,TRK-ACT-11,2026-03-09,Corrective,High,"Clutch Assembly Failure; part inspected, replaced, and road-tested.",Clutch Plate & Pressure Plate,Brent Jordan,2.6,918.1,"Unscheduled repair. Vehicle down for 2.6 day(s), cost $918.10 USD."
159,TRK-ACT-11,2026-03-14,Preventive,Low,Coolant System Flush performed per scheduled maintenance calendar.,Coolant + Thermostat,Richard Aguirre,0.8,248.55,Routine preventive service; vehicle returned to service after 0.8 day(s).
160,TRK-ACT-11,2026-05-16,Corrective,Low,"Electrical / Wiring Fault; part inspected, replaced, and road-tested.",Wiring Harness Section,John Pierce,1.0,345.25,"Unscheduled repair. Vehicle down for 1.0 day(s), cost $345.25 USD."
161,TRK-ACT-11,2026-06-27,Preventive,Medium,Battery Health Check & Replacement performed per scheduled maintenance calendar.,Heavy-Duty Battery,Michael Lewis,0.8,365.73,Routine preventive service; vehicle returned to service after 0.8 day(s).
162,TRK-ACT-11,2026-06-28,Corrective,Medium,"Brake Drum / Shoe Failure; part inspected, replaced, and road-tested.",Brake Drum & Shoe Set,Jessica Holmes,1.6,550.52,"Unscheduled repair. Vehicle down for 1.6 day(s), cost $550.52 USD."
163,TRK-ACT-12,2024-07-13,Preventive,Low,Air Filter Replacement performed per scheduled maintenance calendar.,Air Filter Element,Timothy Duncan,0.9,160.49,Routine preventive service; vehicle returned to service after 0.9 day(s).
164,TRK-ACT-12,2024-09-19,Preventive,Low,Coolant System Flush performed per scheduled maintenance calendar.,Coolant + Thermostat,Richard Aguirre,0.7,259.49,Routine preventive service; vehicle returned to service after 0.7 day(s).
165,TRK-ACT-12,2024-10-10,Corrective,High,"Clutch Assembly Failure; part inspected, replaced, and road-tested.",Clutch Plate & Pressure Plate,Timothy Duncan,2.6,708.0,"Unscheduled repair. Vehicle down for 2.6 day(s), cost $708.00 USD."
166,TRK-ACT-12,2024-12-06,Preventive,Medium,Battery Health Check & Replacement performed per scheduled maintenance calendar.,Heavy-Duty Battery,Victoria Garcia,0.5,268.17,Routine preventive service; vehicle returned to service after 0.5 day(s).
167,TRK-ACT-12,2025-03-01,Preventive,Medium,Brake Inspection & Pad Service performed per scheduled maintenance calendar.,Brake Pads (Front/Rear),Danny Morgan,1.4,320.48,Routine preventive service; vehicle returned to service after 1.4 day(s).
168,TRK-ACT-12,2025-05-28,Preventive,Low,Air Filter Replacement performed per scheduled maintenance calendar.,Air Filter Element,Brent Jordan,0.9,163.36,Routine preventive service; vehicle returned to service after 0.9 day(s).
169,TRK-ACT-12,2025-09-07,Preventive,Medium,Brake Inspection & Pad Service performed per scheduled maintenance calendar.,Brake Pads (Front/Rear),Eric Carney,1.1,284.57,Routine preventive service; vehicle returned to service after 1.1 day(s).
170,TRK-ACT-12,2025-09-29,Corrective,Critical,"Turbocharger Assembly Failure; part inspected, replaced, and road-tested.",Turbocharger Assembly,Jessica Holmes,5.0,1600.0,"Unscheduled repair. Vehicle down for 5.0 day(s), cost $1,600.00 USD."
171,TRK-ACT-12,2025-12-05,Preventive,Low,Air Filter Replacement performed per scheduled maintenance calendar.,Air Filter Element,Jessica Holmes,0.9,156.54,Routine preventive service; vehicle returned to service after 0.9 day(s).
172,TRK-ACT-12,2026-02-18,Preventive,Low,Coolant System Flush performed per scheduled maintenance calendar.,Coolant + Thermostat,Timothy Duncan,0.7,245.89,Routine preventive service; vehicle returned to service after 0.7 day(s).
173,TRK-ACT-12,2026-03-03,Corrective,Critical,"Turbocharger Assembly Failure; part inspected, replaced, and road-tested.",Turbocharger Assembly,John Daniel,6.5,1208.14,"Unscheduled repair. Vehicle down for 6.5 day(s), cost $1,208.14 USD."
174,TRK-ACT-12,2026-04-14,Preventive,Low,Tire Rotation & Pressure Check performed per scheduled maintenance calendar.,N/A (Service Only),Richard Aguirre,0.5,226.14,Routine preventive service; vehicle returned to service after 0.5 day(s).
175,TRK-ACT-13,2024-08-29,Preventive,Medium,Full Preventive Service Inspection performed per scheduled maintenance calendar.,Multi-point Service Kit,Michael Lewis,1.2,363.18,Routine preventive service; vehicle returned to service after 1.2 day(s).
176,TRK-ACT-13,2024-12-24,Preventive,Medium,Battery Health Check & Replacement performed per scheduled maintenance calendar.,Heavy-Duty Battery,Eric Carney,0.5,318.11,Routine preventive service; vehicle returned to service after 0.5 day(s).
177,TRK-ACT-13,2025-04-07,Preventive,Low,Air Filter Replacement performed per scheduled maintenance calendar.,Air Filter Element,Jessica Holmes,0.6,207.32,Routine preventive service; vehicle returned to service after 0.6 day(s).
178,TRK-ACT-13,2025-06-26,Preventive,Low,Air Filter Replacement performed per scheduled maintenance calendar.,Air Filter Element,Jessica Holmes,0.8,203.7,Routine preventive service; vehicle returned to service after 0.8 day(s).
179,TRK-ACT-13,2025-09-17,Preventive,Medium,Full Preventive Service Inspection performed per scheduled maintenance calendar.,Multi-point Service Kit,Eric Carney,1.3,413.29,Routine preventive service; vehicle returned to service after 1.3 day(s).
180,TRK-ACT-13,2025-12-12,Preventive,Medium,Full Preventive Service Inspection performed per scheduled maintenance calendar.,Multi-point Service Kit,Timothy Duncan,1.2,376.09,Routine preventive service; vehicle returned to service after 1.2 day(s).
181,TRK-ACT-13,2026-03-05,Preventive,Medium,Full Preventive Service Inspection performed per scheduled maintenance calendar.,Multi-point Service Kit,John Daniel,1.4,331.1,Routine preventive service; vehicle returned to service after 1.4 day(s).
182,TRK-ACT-13,2026-05-25,Preventive,Medium,Full Preventive Service Inspection performed per scheduled maintenance calendar.,Multi-point Service Kit,John Pierce,1.3,414.75,Routine preventive service; vehicle returned to service after 1.3 day(s).
183,TRK-ACT-14,2024-07-04,Corrective,Medium,"Alternator Failure; part inspected, replaced, and road-tested.",Alternator Unit,John Daniel,1.8,437.76,"Unscheduled repair. Vehicle down for 1.8 day(s), cost $437.76 USD."
184,TRK-ACT-14,2024-08-25,Preventive,Low,Oil & Filter Change performed per scheduled maintenance calendar.,Engine Oil + Oil Filter,Michael Lewis,0.6,191.83,Routine preventive service; vehicle returned to service after 0.6 day(s).
185,TRK-ACT-14,2024-11-15,Preventive,Medium,Battery Health Check & Replacement performed per scheduled maintenance calendar.,Heavy-Duty Battery,Shane Henderson,0.7,388.47,Routine preventive service; vehicle returned to service after 0.7 day(s).
186,TRK-ACT-14,2024-12-22,Corrective,Low,"Water Pump Failure; part inspected, replaced, and road-tested.",Water Pump,Richard Aguirre,1.3,227.4,"Unscheduled repair. Vehicle down for 1.3 day(s), cost $227.40 USD."
187,TRK-ACT-14,2025-02-03,Preventive,Medium,Battery Health Check & Replacement performed per scheduled maintenance calendar.,Heavy-Duty Battery,Richard Aguirre,0.6,369.54,Routine preventive service; vehicle returned to service after 0.6 day(s).
188,TRK-ACT-14,2025-02-18,Corrective,Critical,"Turbocharger Assembly Failure; part inspected, replaced, and road-tested.",Turbocharger Assembly,Victoria Garcia,5.1,1230.88,"Unscheduled repair. Vehicle down for 5.1 day(s), cost $1,230.88 USD."
189,TRK-ACT-14,2025-03-18,Corrective,Medium,"Suspension Leaf Spring Break; part inspected, replaced, and road-tested.",Leaf Spring Set,Shane Henderson,2.0,550.38,"Unscheduled repair. Vehicle down for 2.0 day(s), cost $550.38 USD."
190,TRK-ACT-14,2025-05-10,Corrective,High,"Clutch Assembly Failure; part inspected, replaced, and road-tested.",Clutch Plate & Pressure Plate,Shane Henderson,4.1,815.08,"Unscheduled repair. Vehicle down for 4.1 day(s), cost $815.08 USD."
191,TRK-ACT-14,2025-05-16,Preventive,Medium,Full Preventive Service Inspection performed per scheduled maintenance calendar.,Multi-point Service Kit,Mark Perez,1.5,309.45,Routine preventive service; vehicle returned to service after 1.5 day(s).
192,TRK-ACT-14,2025-08-14,Preventive,Low,Air Filter Replacement performed per scheduled maintenance calendar.,Air Filter Element,Shane Henderson,0.6,179.08,Routine preventive service; vehicle returned to service after 0.6 day(s).
193,TRK-ACT-14,2025-11-04,Corrective,High,"Clutch Assembly Failure; part inspected, replaced, and road-tested.",Clutch Plate & Pressure Plate,Danny Morgan,4.3,934.67,"Unscheduled repair. Vehicle down for 4.3 day(s), cost $934.67 USD."
194,TRK-ACT-14,2025-11-22,Corrective,Medium,"Suspension Leaf Spring Break; part inspected, replaced, and road-tested.",Leaf Spring Set,Michael Lewis,1.7,540.52,"Unscheduled repair. Vehicle down for 1.7 day(s), cost $540.52 USD."
195,TRK-ACT-14,2025-11-24,Preventive,Low,Tire Rotation & Pressure Check performed per scheduled maintenance calendar.,N/A (Service Only),Eric Carney,1.0,154.74,Routine preventive service; vehicle returned to service after 1.0 day(s).
196,TRK-ACT-14,2025-11-27,Corrective,High,"Fuel Injector Malfunction; part inspected, replaced, and road-tested.",Fuel Injector Set,Michael Lewis,3.0,613.7,"Unscheduled repair. Vehicle down for 3.0 day(s), cost $613.70 USD."
197,TRK-ACT-14,2025-12-11,Corrective,Medium,"Brake Drum / Shoe Failure; part inspected, replaced, and road-tested.",Brake Drum & Shoe Set,Victoria Garcia,1.3,514.62,"Unscheduled repair. Vehicle down for 1.3 day(s), cost $514.62 USD."
198,TRK-ACT-14,2026-03-02,Preventive,Low,Air Filter Replacement performed per scheduled maintenance calendar.,Air Filter Element,Joshua Blair,0.7,198.79,Routine preventive service; vehicle returned to service after 0.7 day(s).
199,TRK-ACT-14,2026-05-03,Corrective,Low,"Water Pump Failure; part inspected, replaced, and road-tested.",Water Pump,Shane Henderson,1.7,419.97,"Unscheduled repair. Vehicle down for 1.7 day(s), cost $419.97 USD."
200,TRK-ACT-14,2026-05-05,Corrective,Critical,"Turbocharger Assembly Failure; part inspected, replaced, and road-tested.",Turbocharger Assembly,Joshua Blair,6.6,1309.98,"Unscheduled repair. Vehicle down for 6.6 day(s), cost $1,309.98 USD."
201,TRK-ACT-14,2026-05-12,Corrective,Medium,"Starter Motor Failure; part inspected, replaced, and road-tested.",Starter Motor,John Daniel,1.1,480.62,"Unscheduled repair. Vehicle down for 1.1 day(s), cost $480.62 USD."
202,TRK-ACT-14,2026-05-27,Preventive,Medium,Brake Inspection & Pad Service performed per scheduled maintenance calendar.,Brake Pads (Front/Rear),Timothy Duncan,1.2,264.11,Routine preventive service; vehicle returned to service after 1.2 day(s).
203,TRK-ACT-15,2024-07-08,Preventive,Low,Coolant System Flush performed per scheduled maintenance calendar.,Coolant + Thermostat,Shannon Jones,0.9,235.89,Routine preventive service; vehicle returned to service after 0.9 day(s).
204,TRK-ACT-15,2024-09-15,Preventive,Medium,Full Preventive Service Inspection performed per scheduled maintenance calendar.,Multi-point Service Kit,John Daniel,1.1,439.3,Routine preventive service; vehicle returned to service after 1.1 day(s).
205,TRK-ACT-15,2024-09-17,Corrective,High,"Fuel Injector Malfunction; part inspected, replaced, and road-tested.",Fuel Injector Set,Eric Carney,2.6,812.86,"Unscheduled repair. Vehicle down for 2.6 day(s), cost $812.86 USD."
206,TRK-ACT-15,2024-11-24,Corrective,Critical,"Gearbox Overhaul; part inspected, replaced, and road-tested.",Gearbox Assembly,Shane Henderson,6.3,1390.18,"Unscheduled repair. Vehicle down for 6.3 day(s), cost $1,390.18 USD."
207,TRK-ACT-15,2024-12-19,Preventive,Medium,Battery Health Check & Replacement performed per scheduled maintenance calendar.,Heavy-Duty Battery,Joshua Blair,0.7,250.55,Routine preventive service; vehicle returned to service after 0.7 day(s).
208,TRK-ACT-15,2025-03-19,Preventive,Low,Tire Rotation & Pressure Check performed per scheduled maintenance calendar.,N/A (Service Only),Brent Jordan,1.0,218.22,Routine preventive service; vehicle returned to service after 1.0 day(s).
209,TRK-ACT-15,2025-06-29,Preventive,Low,Air Filter Replacement performed per scheduled maintenance calendar.,Air Filter Element,Jessica Holmes,0.6,204.83,Routine preventive service; vehicle returned to service after 0.6 day(s).
210,TRK-ACT-15,2025-06-30,Corrective,Low,"Water Pump Failure; part inspected, replaced, and road-tested.",Water Pump,Mark Perez,2.1,375.83,"Unscheduled repair. Vehicle down for 2.1 day(s), cost $375.83 USD."
211,TRK-ACT-15,2025-07-29,Corrective,Medium,"Suspension Leaf Spring Break; part inspected, replaced, and road-tested.",Leaf Spring Set,Shannon Jones,2.3,424.57,"Unscheduled repair. Vehicle down for 2.3 day(s), cost $424.57 USD."
212,TRK-ACT-15,2025-09-25,Corrective,Low,"Water Pump Failure; part inspected, replaced, and road-tested.",Water Pump,Danny Morgan,1.9,290.93,"Unscheduled repair. Vehicle down for 1.9 day(s), cost $290.93 USD."
213,TRK-ACT-15,2025-10-05,Preventive,Medium,Brake Inspection & Pad Service performed per scheduled maintenance calendar.,Brake Pads (Front/Rear),Timothy Duncan,1.2,266.52,Routine preventive service; vehicle returned to service after 1.2 day(s).
214,TRK-ACT-15,2026-01-13,Preventive,Low,Coolant System Flush performed per scheduled maintenance calendar.,Coolant + Thermostat,Danny Morgan,0.6,279.42,Routine preventive service; vehicle returned to service after 0.6 day(s).
215,TRK-ACT-15,2026-02-05,Corrective,Critical,"Gearbox Overhaul; part inspected, replaced, and road-tested.",Gearbox Assembly,Crystal Robinson,7.7,1593.43,"Unscheduled repair. Vehicle down for 7.7 day(s), cost $1,593.43 USD."
216,TRK-ACT-15,2026-02-17,Corrective,Medium,"Brake Drum / Shoe Failure; part inspected, replaced, and road-tested.",Brake Drum & Shoe Set,Danny Morgan,1.6,291.15,"Unscheduled repair. Vehicle down for 1.6 day(s), cost $291.15 USD."
217,TRK-ACT-15,2026-04-05,Corrective,Critical,"Turbocharger Assembly Failure; part inspected, replaced, and road-tested.",Turbocharger Assembly,Victoria Garcia,6.3,1342.71,"Unscheduled repair. Vehicle down for 6.3 day(s), cost $1,342.71 USD."
218,TRK-ACT-15,2026-04-21,Preventive,Low,Air Filter Replacement performed per scheduled maintenance calendar.,Air Filter Element,John Pierce,0.5,211.64,Routine preventive service; vehicle returned to service after 0.5 day(s).
219,TRK-ACT-16,2024-07-07,Preventive,Low,Coolant System Flush performed per scheduled maintenance calendar.,Coolant + Thermostat,John Pierce,1.0,299.5,Routine preventive service; vehicle returned to service after 1.0 day(s).
220,TRK-ACT-16,2024-07-20,Corrective,Medium,"Brake Drum / Shoe Failure; part inspected, replaced, and road-tested.",Brake Drum & Shoe Set,Brent Jordan,1.4,495.23,"Unscheduled repair. Vehicle down for 1.4 day(s), cost $495.23 USD."
221,TRK-ACT-16,2024-07-26,Corrective,High,"Fuel Injector Malfunction; part inspected, replaced, and road-tested.",Fuel Injector Set,Danny Morgan,2.4,800.29,"Unscheduled repair. Vehicle down for 2.4 day(s), cost $800.29 USD."
222,TRK-ACT-16,2024-08-04,Corrective,Medium,"Suspension Leaf Spring Break; part inspected, replaced, and road-tested.",Leaf Spring Set,John Daniel,3.2,601.32,"Unscheduled repair. Vehicle down for 3.2 day(s), cost $601.32 USD."
223,TRK-ACT-16,2024-10-03,Corrective,Medium,"Starter Motor Failure; part inspected, replaced, and road-tested.",Starter Motor,Eric Carney,1.4,539.47,"Unscheduled repair. Vehicle down for 1.4 day(s), cost $539.47 USD."
224,TRK-ACT-16,2024-10-08,Corrective,Low,"Water Pump Failure; part inspected, replaced, and road-tested.",Water Pump,Brent Jordan,1.5,442.44,"Unscheduled repair. Vehicle down for 1.5 day(s), cost $442.44 USD."
225,TRK-ACT-16,2024-10-20,Preventive,Low,Oil & Filter Change performed per scheduled maintenance calendar.,Engine Oil + Oil Filter,Danny Morgan,0.5,180.86,Routine preventive service; vehicle returned to service after 0.5 day(s).
226,TRK-ACT-16,2024-11-07,Corrective,Medium,"Suspension Leaf Spring Break; part inspected, replaced, and road-tested.",Leaf Spring Set,Timothy Duncan,2.2,539.81,"Unscheduled repair. Vehicle down for 2.2 day(s), cost $539.81 USD."
227,TRK-ACT-16,2024-11-18,Corrective,Medium,"Alternator Failure; part inspected, replaced, and road-tested.",Alternator Unit,Shannon Jones,1.2,670.78,"Unscheduled repair. Vehicle down for 1.2 day(s), cost $670.78 USD."
228,TRK-ACT-16,2025-01-13,Preventive,Medium,Brake Inspection & Pad Service performed per scheduled maintenance calendar.,Brake Pads (Front/Rear),Jessica Holmes,1.1,391.05,Routine preventive service; vehicle returned to service after 1.1 day(s).
229,TRK-ACT-16,2025-02-06,Corrective,Medium,"Starter Motor Failure; part inspected, replaced, and road-tested.",Starter Motor,John Daniel,1.5,532.18,"Unscheduled repair. Vehicle down for 1.5 day(s), cost $532.18 USD."
230,TRK-ACT-16,2025-02-13,Corrective,Medium,"Suspension Leaf Spring Break; part inspected, replaced, and road-tested.",Leaf Spring Set,Timothy Duncan,3.2,419.18,"Unscheduled repair. Vehicle down for 3.2 day(s), cost $419.18 USD."
231,TRK-ACT-16,2025-04-05,Preventive,Low,Oil & Filter Change performed per scheduled maintenance calendar.,Engine Oil + Oil Filter,Brent Jordan,0.7,239.56,Routine preventive service; vehicle returned to service after 0.7 day(s).
232,TRK-ACT-16,2025-06-13,Corrective,Critical,"Gearbox Overhaul; part inspected, replaced, and road-tested.",Gearbox Assembly,Richard Aguirre,7.3,1600.0,"Unscheduled repair. Vehicle down for 7.3 day(s), cost $1,600.00 USD."
233,TRK-ACT-16,2025-07-02,Preventive,Low,Air Filter Replacement performed per scheduled maintenance calendar.,Air Filter Element,Mark Perez,0.6,184.29,Routine preventive service; vehicle returned to service after 0.6 day(s).
234,TRK-ACT-16,2025-07-12,Corrective,Critical,"Differential Failure; part inspected, replaced, and road-tested.",Differential Assembly,Shannon Jones,5.9,1171.95,"Unscheduled repair. Vehicle down for 5.9 day(s), cost $1,171.95 USD."
235,TRK-ACT-16,2025-07-31,Corrective,Medium,"Starter Motor Failure; part inspected, replaced, and road-tested.",Starter Motor,Brent Jordan,1.6,569.14,"Unscheduled repair. Vehicle down for 1.6 day(s), cost $569.14 USD."
236,TRK-ACT-16,2025-08-03,Corrective,High,"Radiator Leak / Overheating; part inspected, replaced, and road-tested.",Radiator Assembly,Shannon Jones,3.3,641.5,"Unscheduled repair. Vehicle down for 3.3 day(s), cost $641.50 USD."
237,TRK-ACT-16,2025-10-19,Preventive,Low,Tire Rotation & Pressure Check performed per scheduled maintenance calendar.,N/A (Service Only),Crystal Robinson,1.0,240.62,Routine preventive service; vehicle returned to service after 1.0 day(s).
238,TRK-ACT-16,2025-10-26,Corrective,Critical,"Gearbox Overhaul; part inspected, replaced, and road-tested.",Gearbox Assembly,John Daniel,6.6,1600.0,"Unscheduled repair. Vehicle down for 6.6 day(s), cost $1,600.00 USD."
239,TRK-ACT-16,2026-01-18,Preventive,Low,Oil & Filter Change performed per scheduled maintenance calendar.,Engine Oil + Oil Filter,Shane Henderson,1.0,196.94,Routine preventive service; vehicle returned to service after 1.0 day(s).
240,TRK-ACT-16,2026-04-10,Preventive,Medium,Battery Health Check & Replacement performed per scheduled maintenance calendar.,Heavy-Duty Battery,John Daniel,1.0,210.49,Routine preventive service; vehicle returned to service after 1.0 day(s).
241,TRK-ACT-17,2024-07-25,Preventive,Low,Air Filter Replacement performed per scheduled maintenance calendar.,Air Filter Element,John Daniel,0.9,196.52,Routine preventive service; vehicle returned to service after 0.9 day(s).
242,TRK-ACT-17,2024-10-24,Preventive,Low,Oil & Filter Change performed per scheduled maintenance calendar.,Engine Oil + Oil Filter,Victoria Garcia,1.0,258.3,Routine preventive service; vehicle returned to service after 1.0 day(s).
243,TRK-ACT-17,2024-10-24,Corrective,Critical,"Gearbox Overhaul; part inspected, replaced, and road-tested.",Gearbox Assembly,Joshua Blair,6.9,1358.54,"Unscheduled repair. Vehicle down for 6.9 day(s), cost $1,358.54 USD."
244,TRK-ACT-17,2024-11-15,Corrective,Low,"Water Pump Failure; part inspected, replaced, and road-tested.",Water Pump,Timothy Duncan,1.2,237.39,"Unscheduled repair. Vehicle down for 1.2 day(s), cost $237.39 USD."
245,TRK-ACT-17,2025-01-18,Preventive,Low,Air Filter Replacement performed per scheduled maintenance calendar.,Air Filter Element,Shane Henderson,0.6,208.27,Routine preventive service; vehicle returned to service after 0.6 day(s).
246,TRK-ACT-17,2025-04-26,Preventive,Low,Air Filter Replacement performed per scheduled maintenance calendar.,Air Filter Element,Michael Lewis,0.6,209.96,Routine preventive service; vehicle returned to service after 0.6 day(s).
247,TRK-ACT-17,2025-06-04,Corrective,High,"Fuel Injector Malfunction; part inspected, replaced, and road-tested.",Fuel Injector Set,Victoria Garcia,2.9,826.37,"Unscheduled repair. Vehicle down for 2.9 day(s), cost $826.37 USD."
248,TRK-ACT-17,2025-07-12,Preventive,Medium,Full Preventive Service Inspection performed per scheduled maintenance calendar.,Multi-point Service Kit,Shane Henderson,1.5,437.47,Routine preventive service; vehicle returned to service after 1.5 day(s).
249,TRK-ACT-17,2025-09-29,Preventive,Low,Coolant System Flush performed per scheduled maintenance calendar.,Coolant + Thermostat,Joshua Blair,0.9,228.84,Routine preventive service; vehicle returned to service after 0.9 day(s).
250,TRK-ACT-17,2025-10-29,Corrective,Critical,"Turbocharger Assembly Failure; part inspected, replaced, and road-tested.",Turbocharger Assembly,Richard Aguirre,5.9,1237.12,"Unscheduled repair. Vehicle down for 5.9 day(s), cost $1,237.12 USD."
251,TRK-ACT-17,2025-12-11,Preventive,Low,Air Filter Replacement performed per scheduled maintenance calendar.,Air Filter Element,Crystal Robinson,1.0,175.07,Routine preventive service; vehicle returned to service after 1.0 day(s).
252,TRK-ACT-17,2026-04-15,Preventive,Low,Air Filter Replacement performed per scheduled maintenance calendar.,Air Filter Element,John Daniel,0.7,190.56,Routine preventive service; vehicle returned to service after 0.7 day(s).
253,TRK-ACT-18,2024-08-25,Preventive,Low,Air Filter Replacement performed per scheduled maintenance calendar.,Air Filter Element,Brent Jordan,0.8,180.5,Routine preventive service; vehicle returned to service after 0.8 day(s).
254,TRK-ACT-18,2024-11-12,Preventive,Medium,Battery Health Check & Replacement performed per scheduled maintenance calendar.,Heavy-Duty Battery,Shane Henderson,0.9,286.56,Routine preventive service; vehicle returned to service after 0.9 day(s).
255,TRK-ACT-18,2024-12-11,Corrective,High,"Clutch Assembly Failure; part inspected, replaced, and road-tested.",Clutch Plate & Pressure Plate,Michael Lewis,2.5,689.12,"Unscheduled repair. Vehicle down for 2.5 day(s), cost $689.12 USD."
256,TRK-ACT-18,2024-12-26,Corrective,High,"Clutch Assembly Failure; part inspected, replaced, and road-tested.",Clutch Plate & Pressure Plate,Danny Morgan,2.7,939.29,"Unscheduled repair. Vehicle down for 2.7 day(s), cost $939.29 USD."
257,TRK-ACT-18,2025-02-22,Preventive,Low,Oil & Filter Change performed per scheduled maintenance calendar.,Engine Oil + Oil Filter,Joshua Blair,0.9,251.48,Routine preventive service; vehicle returned to service after 0.9 day(s).
258,TRK-ACT-18,2025-04-28,Corrective,Medium,"Starter Motor Failure; part inspected, replaced, and road-tested.",Starter Motor,John Daniel,1.2,504.88,"Unscheduled repair. Vehicle down for 1.2 day(s), cost $504.88 USD."
259,TRK-ACT-18,2025-06-19,Preventive,Low,Tire Rotation & Pressure Check performed per scheduled maintenance calendar.,N/A (Service Only),Joshua Blair,0.9,202.91,Routine preventive service; vehicle returned to service after 0.9 day(s).
260,TRK-ACT-18,2025-06-24,Corrective,Medium,"Brake Drum / Shoe Failure; part inspected, replaced, and road-tested.",Brake Drum & Shoe Set,Danny Morgan,2.1,488.04,"Unscheduled repair. Vehicle down for 2.1 day(s), cost $488.04 USD."
261,TRK-ACT-18,2025-08-19,Preventive,Low,Air Filter Replacement performed per scheduled maintenance calendar.,Air Filter Element,Mark Perez,0.7,208.8,Routine preventive service; vehicle returned to service after 0.7 day(s).
262,TRK-ACT-18,2025-11-12,Preventive,Low,Oil & Filter Change performed per scheduled maintenance calendar.,Engine Oil + Oil Filter,Danny Morgan,1.0,181.72,Routine preventive service; vehicle returned to service after 1.0 day(s).
263,TRK-ACT-18,2026-01-22,Corrective,Critical,"Differential Failure; part inspected, replaced, and road-tested.",Differential Assembly,Timothy Duncan,4.8,1204.64,"Unscheduled repair. Vehicle down for 4.8 day(s), cost $1,204.64 USD."
264,TRK-ACT-18,2026-01-28,Preventive,Low,Oil & Filter Change performed per scheduled maintenance calendar.,Engine Oil + Oil Filter,Crystal Robinson,0.6,179.25,Routine preventive service; vehicle returned to service after 0.6 day(s).
265,TRK-ACT-18,2026-04-23,Preventive,Medium,Full Preventive Service Inspection performed per scheduled maintenance calendar.,Multi-point Service Kit,Mark Perez,1.2,389.27,Routine preventive service; vehicle returned to service after 1.2 day(s).
266,TRK-ACT-18,2026-05-21,Corrective,Medium,"Starter Motor Failure; part inspected, replaced, and road-tested.",Starter Motor,Mark Perez,2.0,440.06,"Unscheduled repair. Vehicle down for 2.0 day(s), cost $440.06 USD."
267,TRK-ACT-18,2026-05-24,Corrective,Medium,"Brake Drum / Shoe Failure; part inspected, replaced, and road-tested.",Brake Drum & Shoe Set,Eric Carney,1.8,270.55,"Unscheduled repair. Vehicle down for 1.8 day(s), cost $270.55 USD."
268,TRK-ACT-19,2024-08-21,Preventive,Low,Oil & Filter Change performed per scheduled maintenance calendar.,Engine Oil + Oil Filter,Crystal Robinson,0.7,221.76,Routine preventive service; vehicle returned to service after 0.7 day(s).
269,TRK-ACT-19,2024-11-11,Preventive,Low,Coolant System Flush performed per scheduled maintenance calendar.,Coolant + Thermostat,Shane Henderson,0.5,292.06,Routine preventive service; vehicle returned to service after 0.5 day(s).
270,TRK-ACT-19,2024-12-10,Corrective,Medium,"Starter Motor Failure; part inspected, replaced, and road-tested.",Starter Motor,Crystal Robinson,1.3,357.03,"Unscheduled repair. Vehicle down for 1.3 day(s), cost $357.03 USD."
271,TRK-ACT-19,2024-12-11,Corrective,Medium,"Brake Drum / Shoe Failure; part inspected, replaced, and road-tested.",Brake Drum & Shoe Set,Mark Perez,1.4,297.76,"Unscheduled repair. Vehicle down for 1.4 day(s), cost $297.76 USD."
272,TRK-ACT-19,2025-01-25,Corrective,Medium,"Brake Drum / Shoe Failure; part inspected, replaced, and road-tested.",Brake Drum & Shoe Set,Richard Aguirre,1.5,541.96,"Unscheduled repair. Vehicle down for 1.5 day(s), cost $541.96 USD."
273,TRK-ACT-19,2025-01-31,Preventive,Medium,Brake Inspection & Pad Service performed per scheduled maintenance calendar.,Brake Pads (Front/Rear),Danny Morgan,1.2,332.76,Routine preventive service; vehicle returned to service after 1.2 day(s).
274,TRK-ACT-19,2025-04-15,Corrective,High,"Clutch Assembly Failure; part inspected, replaced, and road-tested.",Clutch Plate & Pressure Plate,Joshua Blair,3.4,979.41,"Unscheduled repair. Vehicle down for 3.4 day(s), cost $979.41 USD."
275,TRK-ACT-19,2025-05-02,Preventive,Medium,Brake Inspection & Pad Service performed per scheduled maintenance calendar.,Brake Pads (Front/Rear),Victoria Garcia,1.3,399.57,Routine preventive service; vehicle returned to service after 1.3 day(s).
276,TRK-ACT-19,2025-07-10,Preventive,Low,Coolant System Flush performed per scheduled maintenance calendar.,Coolant + Thermostat,John Daniel,0.8,290.41,Routine preventive service; vehicle returned to service after 0.8 day(s).
277,TRK-ACT-19,2025-09-25,Corrective,Medium,"Brake Drum / Shoe Failure; part inspected, replaced, and road-tested.",Brake Drum & Shoe Set,Victoria Garcia,1.3,452.22,"Unscheduled repair. Vehicle down for 1.3 day(s), cost $452.22 USD."
278,TRK-ACT-19,2025-10-01,Preventive,Low,Oil & Filter Change performed per scheduled maintenance calendar.,Engine Oil + Oil Filter,Eric Carney,0.8,251.86,Routine preventive service; vehicle returned to service after 0.8 day(s).
279,TRK-ACT-19,2026-01-20,Preventive,Low,Tire Rotation & Pressure Check performed per scheduled maintenance calendar.,N/A (Service Only),Danny Morgan,0.8,205.18,Routine preventive service; vehicle returned to service after 0.8 day(s).
280,TRK-ACT-19,2026-04-07,Preventive,Low,Air Filter Replacement performed per scheduled maintenance calendar.,Air Filter Element,Danny Morgan,0.9,155.17,Routine preventive service; vehicle returned to service after 0.9 day(s).
281,TRK-ACT-19,2026-06-27,Preventive,Medium,Battery Health Check & Replacement performed per scheduled maintenance calendar.,Heavy-Duty Battery,Victoria Garcia,0.7,257.86,Routine preventive service; vehicle returned to service after 0.7 day(s).
282,TRK-ACT-20,2024-08-14,Preventive,Low,Tire Rotation & Pressure Check performed per scheduled maintenance calendar.,N/A (Service Only),Crystal Robinson,0.8,177.48,Routine preventive service; vehicle returned to service after 0.8 day(s).
283,TRK-ACT-20,2024-08-14,Corrective,Medium,"Starter Motor Failure; part inspected, replaced, and road-tested.",Starter Motor,Joshua Blair,1.4,332.47,"Unscheduled repair. Vehicle down for 1.4 day(s), cost $332.47 USD."
284,TRK-ACT-20,2024-11-22,Preventive,Low,Oil & Filter Change performed per scheduled maintenance calendar.,Engine Oil + Oil Filter,Mark Perez,0.5,246.93,Routine preventive service; vehicle returned to service after 0.5 day(s).
285,TRK-ACT-20,2024-11-24,Corrective,High,"Radiator Leak / Overheating; part inspected, replaced, and road-tested.",Radiator Assembly,Jessica Holmes,3.3,471.4,"Unscheduled repair. Vehicle down for 3.3 day(s), cost $471.40 USD."
286,TRK-ACT-20,2024-12-22,Corrective,Low,"Water Pump Failure; part inspected, replaced, and road-tested.",Water Pump,Mark Perez,1.1,389.73,"Unscheduled repair. Vehicle down for 1.1 day(s), cost $389.73 USD."
287,TRK-ACT-20,2025-02-12,Preventive,Medium,Brake Inspection & Pad Service performed per scheduled maintenance calendar.,Brake Pads (Front/Rear),Timothy Duncan,1.3,311.36,Routine preventive service; vehicle returned to service after 1.3 day(s).
288,TRK-ACT-20,2025-04-28,Corrective,High,"Fuel Injector Malfunction; part inspected, replaced, and road-tested.",Fuel Injector Set,John Pierce,3.0,652.03,"Unscheduled repair. Vehicle down for 3.0 day(s), cost $652.03 USD."
289,TRK-ACT-20,2025-05-13,Preventive,Low,Tire Rotation & Pressure Check performed per scheduled maintenance calendar.,N/A (Service Only),Michael Lewis,0.6,224.47,Routine preventive service; vehicle returned to service after 0.6 day(s).
290,TRK-ACT-20,2025-07-04,Corrective,Medium,"Brake Drum / Shoe Failure; part inspected, replaced, and road-tested.",Brake Drum & Shoe Set,Jessica Holmes,2.0,386.75,"Unscheduled repair. Vehicle down for 2.0 day(s), cost $386.75 USD."
291,TRK-ACT-20,2025-08-10,Preventive,Low,Oil & Filter Change performed per scheduled maintenance calendar.,Engine Oil + Oil Filter,Jessica Holmes,0.7,259.78,Routine preventive service; vehicle returned to service after 0.7 day(s).
292,TRK-ACT-20,2025-09-11,Corrective,Medium,"Alternator Failure; part inspected, replaced, and road-tested.",Alternator Unit,Mark Perez,1.8,526.77,"Unscheduled repair. Vehicle down for 1.8 day(s), cost $526.77 USD."
293,TRK-ACT-20,2025-10-24,Preventive,Medium,Full Preventive Service Inspection performed per scheduled maintenance calendar.,Multi-point Service Kit,Danny Morgan,1.2,364.13,Routine preventive service; vehicle returned to service after 1.2 day(s).
294,TRK-ACT-20,2026-02-01,Preventive,Medium,Full Preventive Service Inspection performed per scheduled maintenance calendar.,Multi-point Service Kit,Danny Morgan,1.3,371.26,Routine preventive service; vehicle returned to service after 1.3 day(s).
295,TRK-ACT-20,2026-03-04,Corrective,Critical,"Gearbox Overhaul; part inspected, replaced, and road-tested.",Gearbox Assembly,Michael Lewis,6.9,1591.55,"Unscheduled repair. Vehicle down for 6.9 day(s), cost $1,591.55 USD."
296,TRK-ACT-20,2026-04-20,Preventive,Low,Air Filter Replacement performed per scheduled maintenance calendar.,Air Filter Element,Brent Jordan,0.9,153.78,Routine preventive service; vehicle returned to service after 0.9 day(s).
297,TRK-ACT-20,2026-06-09,Corrective,Low,"Electrical / Wiring Fault; part inspected, replaced, and road-tested.",Wiring Harness Section,Victoria Garcia,1.0,216.83,"Unscheduled repair. Vehicle down for 1.0 day(s), cost $216.83 USD."
298,TRK-ACT-21,2024-07-26,Preventive,Low,Oil & Filter Change performed per scheduled maintenance calendar.,Engine Oil + Oil Filter,Richard Aguirre,0.8,155.57,Routine preventive service; vehicle returned to service after 0.8 day(s).
299,TRK-ACT-21,2024-10-10,Preventive,Medium,Battery Health Check & Replacement performed per scheduled maintenance calendar.,Heavy-Duty Battery,Eric Carney,0.9,291.85,Routine preventive service; vehicle returned to service after 0.9 day(s).
300,TRK-ACT-21,2025-01-04,Preventive,Medium,Brake Inspection & Pad Service performed per scheduled maintenance calendar.,Brake Pads (Front/Rear),John Daniel,1.3,256.15,Routine preventive service; vehicle returned to service after 1.3 day(s).
301,TRK-ACT-21,2025-02-26,Corrective,Low,"Water Pump Failure; part inspected, replaced, and road-tested.",Water Pump,Michael Lewis,1.2,376.32,"Unscheduled repair. Vehicle down for 1.2 day(s), cost $376.32 USD."
302,TRK-ACT-21,2025-03-18,Preventive,Medium,Full Preventive Service Inspection performed per scheduled maintenance calendar.,Multi-point Service Kit,Brent Jordan,1.4,427.2,Routine preventive service; vehicle returned to service after 1.4 day(s).
303,TRK-ACT-21,2025-06-07,Preventive,Low,Coolant System Flush performed per scheduled maintenance calendar.,Coolant + Thermostat,Michael Lewis,0.7,210.7,Routine preventive service; vehicle returned to service after 0.7 day(s).
304,TRK-ACT-21,2025-06-17,Corrective,High,"Radiator Leak / Overheating; part inspected, replaced, and road-tested.",Radiator Assembly,Joshua Blair,2.3,465.23,"Unscheduled repair. Vehicle down for 2.3 day(s), cost $465.23 USD."
305,TRK-ACT-21,2025-06-22,Corrective,Critical,"Gearbox Overhaul; part inspected, replaced, and road-tested.",Gearbox Assembly,Shane Henderson,5.9,1513.32,"Unscheduled repair. Vehicle down for 5.9 day(s), cost $1,513.32 USD."
306,TRK-ACT-21,2025-07-25,Corrective,Critical,"Differential Failure; part inspected, replaced, and road-tested.",Differential Assembly,Timothy Duncan,6.1,1185.52,"Unscheduled repair. Vehicle down for 6.1 day(s), cost $1,185.52 USD."
307,TRK-ACT-21,2025-09-16,Preventive,Low,Tire Rotation & Pressure Check performed per scheduled maintenance calendar.,N/A (Service Only),Victoria Garcia,0.7,249.39,Routine preventive service; vehicle returned to service after 0.7 day(s).
308,TRK-ACT-21,2026-01-03,Preventive,Low,Air Filter Replacement performed per scheduled maintenance calendar.,Air Filter Element,Shane Henderson,0.9,205.17,Routine preventive service; vehicle returned to service after 0.9 day(s).
309,TRK-ACT-21,2026-03-23,Preventive,Low,Oil & Filter Change performed per scheduled maintenance calendar.,Engine Oil + Oil Filter,Crystal Robinson,0.9,240.34,Routine preventive service; vehicle returned to service after 0.9 day(s).
310,TRK-ACT-21,2026-06-09,Preventive,Low,Oil & Filter Change performed per scheduled maintenance calendar.,Engine Oil + Oil Filter,Shane Henderson,0.9,223.4,Routine preventive service; vehicle returned to service after 0.9 day(s).
311,TRK-ACT-22,2024-07-28,Corrective,High,"Fuel Injector Malfunction; part inspected, replaced, and road-tested.",Fuel Injector Set,Brent Jordan,2.7,734.91,"Unscheduled repair. Vehicle down for 2.7 day(s), cost $734.91 USD."
312,TRK-ACT-22,2024-08-16,Preventive,Medium,Battery Health Check & Replacement performed per scheduled maintenance calendar.,Heavy-Duty Battery,Danny Morgan,0.9,369.44,Routine preventive service; vehicle returned to service after 0.9 day(s).
313,TRK-ACT-22,2024-09-01,Corrective,High,"Fuel Injector Malfunction; part inspected, replaced, and road-tested.",Fuel Injector Set,Eric Carney,3.0,868.96,"Unscheduled repair. Vehicle down for 3.0 day(s), cost $868.96 USD."
314,TRK-ACT-22,2024-11-27,Preventive,Medium,Brake Inspection & Pad Service performed per scheduled maintenance calendar.,Brake Pads (Front/Rear),Brent Jordan,1.5,375.71,Routine preventive service; vehicle returned to service after 1.5 day(s).
315,TRK-ACT-22,2025-02-28,Preventive,Low,Air Filter Replacement performed per scheduled maintenance calendar.,Air Filter Element,Jessica Holmes,0.5,154.51,Routine preventive service; vehicle returned to service after 0.5 day(s).
316,TRK-ACT-22,2025-05-13,Preventive,Low,Oil & Filter Change performed per scheduled maintenance calendar.,Engine Oil + Oil Filter,Shane Henderson,0.9,206.4,Routine preventive service; vehicle returned to service after 0.9 day(s).
317,TRK-ACT-22,2025-08-30,Corrective,High,"Radiator Leak / Overheating; part inspected, replaced, and road-tested.",Radiator Assembly,Shannon Jones,3.2,779.94,"Unscheduled repair. Vehicle down for 3.2 day(s), cost $779.94 USD."
318,TRK-ACT-22,2025-09-03,Preventive,Medium,Brake Inspection & Pad Service performed per scheduled maintenance calendar.,Brake Pads (Front/Rear),John Pierce,1.4,405.82,Routine preventive service; vehicle returned to service after 1.4 day(s).
319,TRK-ACT-22,2025-10-20,Corrective,Critical,"Differential Failure; part inspected, replaced, and road-tested.",Differential Assembly,Richard Aguirre,5.1,1352.76,"Unscheduled repair. Vehicle down for 5.1 day(s), cost $1,352.76 USD."
320,TRK-ACT-22,2025-11-23,Preventive,Medium,Battery Health Check & Replacement performed per scheduled maintenance calendar.,Heavy-Duty Battery,Richard Aguirre,0.9,293.41,Routine preventive service; vehicle returned to service after 0.9 day(s).
321,TRK-ACT-22,2025-12-20,Corrective,High,"Radiator Leak / Overheating; part inspected, replaced, and road-tested.",Radiator Assembly,Victoria Garcia,2.4,680.07,"Unscheduled repair. Vehicle down for 2.4 day(s), cost $680.07 USD."
322,TRK-ACT-22,2026-01-13,Corrective,High,"Radiator Leak / Overheating; part inspected, replaced, and road-tested.",Radiator Assembly,Shannon Jones,2.8,790.42,"Unscheduled repair. Vehicle down for 2.8 day(s), cost $790.42 USD."
323,TRK-ACT-22,2026-03-06,Preventive,Medium,Brake Inspection & Pad Service performed per scheduled maintenance calendar.,Brake Pads (Front/Rear),Eric Carney,1.3,377.19,Routine preventive service; vehicle returned to service after 1.3 day(s).
324,TRK-ACT-22,2026-03-18,Corrective,Low,"Electrical / Wiring Fault; part inspected, replaced, and road-tested.",Wiring Harness Section,Eric Carney,1.7,374.88,"Unscheduled repair. Vehicle down for 1.7 day(s), cost $374.88 USD."
325,TRK-ACT-22,2026-06-07,Preventive,Medium,Full Preventive Service Inspection performed per scheduled maintenance calendar.,Multi-point Service Kit,Timothy Duncan,1.5,380.46,Routine preventive service; vehicle returned to service after 1.5 day(s).
326,TRK-ACT-22,2026-06-21,Corrective,Medium,"Brake Drum / Shoe Failure; part inspected, replaced, and road-tested.",Brake Drum & Shoe Set,Jessica Holmes,1.2,446.51,"Unscheduled repair. Vehicle down for 1.2 day(s), cost $446.51 USD."
327,TRK-ACT-23,2024-07-21,Preventive,Medium,Brake Inspection & Pad Service performed per scheduled maintenance calendar.,Brake Pads (Front/Rear),Timothy Duncan,1.3,334.67,Routine preventive service; vehicle returned to service after 1.3 day(s).
328,TRK-ACT-23,2024-10-29,Preventive,Low,Coolant System Flush performed per scheduled maintenance calendar.,Coolant + Thermostat,Mark Perez,0.6,318.78,Routine preventive service; vehicle returned to service after 0.6 day(s).
329,TRK-ACT-23,2024-12-13,Corrective,Critical,"Turbocharger Assembly Failure; part inspected, replaced, and road-tested.",Turbocharger Assembly,Richard Aguirre,4.6,1380.15,"Unscheduled repair. Vehicle down for 4.6 day(s), cost $1,380.15 USD."
330,TRK-ACT-23,2025-01-26,Preventive,Medium,Brake Inspection & Pad Service performed per scheduled maintenance calendar.,Brake Pads (Front/Rear),Brent Jordan,1.1,394.12,Routine preventive service; vehicle returned to service after 1.1 day(s).
331,TRK-ACT-23,2025-04-20,Preventive,Low,Coolant System Flush performed per scheduled maintenance calendar.,Coolant + Thermostat,Mark Perez,0.8,314.35,Routine preventive service; vehicle returned to service after 0.8 day(s).
332,TRK-ACT-23,2025-04-26,Corrective,Medium,"Starter Motor Failure; part inspected, replaced, and road-tested.",Starter Motor,Eric Carney,1.6,399.88,"Unscheduled repair. Vehicle down for 1.6 day(s), cost $399.88 USD."
333,TRK-ACT-23,2025-06-23,Corrective,Medium,"Brake Drum / Shoe Failure; part inspected, replaced, and road-tested.",Brake Drum & Shoe Set,Shannon Jones,1.4,378.75,"Unscheduled repair. Vehicle down for 1.4 day(s), cost $378.75 USD."
334,TRK-ACT-23,2025-07-28,Preventive,Low,Coolant System Flush performed per scheduled maintenance calendar.,Coolant + Thermostat,Michael Lewis,0.6,235.88,Routine preventive service; vehicle returned to service after 0.6 day(s).
335,TRK-ACT-23,2025-11-04,Preventive,Medium,Full Preventive Service Inspection performed per scheduled maintenance calendar.,Multi-point Service Kit,Brent Jordan,1.4,434.37,Routine preventive service; vehicle returned to service after 1.4 day(s).
336,TRK-ACT-23,2026-01-20,Preventive,Medium,Battery Health Check & Replacement performed per scheduled maintenance calendar.,Heavy-Duty Battery,Mark Perez,0.9,366.96,Routine preventive service; vehicle returned to service after 0.9 day(s).
337,TRK-ACT-23,2026-02-15,Corrective,High,"Clutch Assembly Failure; part inspected, replaced, and road-tested.",Clutch Plate & Pressure Plate,Brent Jordan,2.9,679.47,"Unscheduled repair. Vehicle down for 2.9 day(s), cost $679.47 USD."
338,TRK-ACT-23,2026-04-09,Corrective,Medium,"Suspension Leaf Spring Break; part inspected, replaced, and road-tested.",Leaf Spring Set,Danny Morgan,2.1,645.44,"Unscheduled repair. Vehicle down for 2.1 day(s), cost $645.44 USD."
339,TRK-ACT-23,2026-04-25,Corrective,Medium,"Brake Drum / Shoe Failure; part inspected, replaced, and road-tested.",Brake Drum & Shoe Set,Shannon Jones,1.4,356.95,"Unscheduled repair. Vehicle down for 1.4 day(s), cost $356.95 USD."
340,TRK-ACT-23,2026-04-28,Preventive,Medium,Brake Inspection & Pad Service performed per scheduled maintenance calendar.,Brake Pads (Front/Rear),Joshua Blair,1.5,284.41,Routine preventive service; vehicle returned to service after 1.5 day(s).
341,TRK-ACT-24,2024-07-06,Corrective,High,"Fuel Injector Malfunction; part inspected, replaced, and road-tested.",Fuel Injector Set,John Daniel,2.6,808.61,"Unscheduled repair. Vehicle down for 2.6 day(s), cost $808.61 USD."
342,TRK-ACT-24,2024-07-17,Preventive,Low,Coolant System Flush performed per scheduled maintenance calendar.,Coolant + Thermostat,Mark Perez,0.7,257.62,Routine preventive service; vehicle returned to service after 0.7 day(s).
343,TRK-ACT-24,2024-08-28,Corrective,Medium,"Brake Drum / Shoe Failure; part inspected, replaced, and road-tested.",Brake Drum & Shoe Set,Mark Perez,1.1,276.48,"Unscheduled repair. Vehicle down for 1.1 day(s), cost $276.48 USD."
344,TRK-ACT-24,2024-10-12,Preventive,Medium,Battery Health Check & Replacement performed per scheduled maintenance calendar.,Heavy-Duty Battery,Shannon Jones,0.7,208.28,Routine preventive service; vehicle returned to service after 0.7 day(s).
345,TRK-ACT-24,2024-10-18,Corrective,High,"Fuel Injector Malfunction; part inspected, replaced, and road-tested.",Fuel Injector Set,Timothy Duncan,2.8,571.06,"Unscheduled repair. Vehicle down for 2.8 day(s), cost $571.06 USD."
346,TRK-ACT-24,2024-12-25,Preventive,Medium,Brake Inspection & Pad Service performed per scheduled maintenance calendar.,Brake Pads (Front/Rear),John Pierce,1.0,405.78,Routine preventive service; vehicle returned to service after 1.0 day(s).
347,TRK-ACT-24,2025-01-02,Corrective,Low,"Water Pump Failure; part inspected, replaced, and road-tested.",Water Pump,Jessica Holmes,1.3,280.05,"Unscheduled repair. Vehicle down for 1.3 day(s), cost $280.05 USD."
348,TRK-ACT-24,2025-02-24,Corrective,High,"Radiator Leak / Overheating; part inspected, replaced, and road-tested.",Radiator Assembly,Shane Henderson,2.3,746.9,"Unscheduled repair. Vehicle down for 2.3 day(s), cost $746.90 USD."
349,TRK-ACT-24,2025-04-10,Preventive,Medium,Full Preventive Service Inspection performed per scheduled maintenance calendar.,Multi-point Service Kit,Richard Aguirre,1.0,323.17,Routine preventive service; vehicle returned to service after 1.0 day(s).
350,TRK-ACT-24,2025-05-22,Corrective,Critical,"Gearbox Overhaul; part inspected, replaced, and road-tested.",Gearbox Assembly,John Daniel,7.4,1600.0,"Unscheduled repair. Vehicle down for 7.4 day(s), cost $1,600.00 USD."
351,TRK-ACT-24,2025-06-07,Corrective,Low,"Water Pump Failure; part inspected, replaced, and road-tested.",Water Pump,Victoria Garcia,1.3,254.79,"Unscheduled repair. Vehicle down for 1.3 day(s), cost $254.79 USD."
352,TRK-ACT-24,2025-07-01,Preventive,Low,Tire Rotation & Pressure Check performed per scheduled maintenance calendar.,N/A (Service Only),Shannon Jones,0.5,213.08,Routine preventive service; vehicle returned to service after 0.5 day(s).
353,TRK-ACT-24,2025-10-19,Preventive,Medium,Full Preventive Service Inspection performed per scheduled maintenance calendar.,Multi-point Service Kit,Timothy Duncan,1.1,336.3,Routine preventive service; vehicle returned to service after 1.1 day(s).
354,TRK-ACT-24,2025-12-06,Corrective,Medium,"Alternator Failure; part inspected, replaced, and road-tested.",Alternator Unit,Timothy Duncan,1.7,540.14,"Unscheduled repair. Vehicle down for 1.7 day(s), cost $540.14 USD."
355,TRK-ACT-24,2025-12-25,Corrective,High,"Clutch Assembly Failure; part inspected, replaced, and road-tested.",Clutch Plate & Pressure Plate,Brent Jordan,3.4,856.38,"Unscheduled repair. Vehicle down for 3.4 day(s), cost $856.38 USD."
356,TRK-ACT-24,2026-01-19,Preventive,Medium,Full Preventive Service Inspection performed per scheduled maintenance calendar.,Multi-point Service Kit,Crystal Robinson,1.4,326.34,Routine preventive service; vehicle returned to service after 1.4 day(s).
357,TRK-ACT-24,2026-04-08,Preventive,Medium,Full Preventive Service Inspection performed per scheduled maintenance calendar.,Multi-point Service Kit,Mark Perez,1.4,407.42,Routine preventive service; vehicle returned to service after 1.4 day(s).
358,TRK-ACT-25,2024-07-09,Corrective,Critical,"Gearbox Overhaul; part inspected, replaced, and road-tested.",Gearbox Assembly,Brent Jordan,6.6,1497.86,"Unscheduled repair. Vehicle down for 6.6 day(s), cost $1,497.86 USD."
359,TRK-ACT-25,2024-07-19,Preventive,Low,Tire Rotation & Pressure Check performed per scheduled maintenance calendar.,N/A (Service Only),Mark Perez,0.5,244.99,Routine preventive service; vehicle returned to service after 0.5 day(s).
360,TRK-ACT-25,2024-07-21,Corrective,High,"Fuel Injector Malfunction; part inspected, replaced, and road-tested.",Fuel Injector Set,John Daniel,3.1,754.2,"Unscheduled repair. Vehicle down for 3.1 day(s), cost $754.20 USD."
361,TRK-ACT-25,2024-10-08,Preventive,Low,Oil & Filter Change performed per scheduled maintenance calendar.,Engine Oil + Oil Filter,Timothy Duncan,0.5,191.1,Routine preventive service; vehicle returned to service after 0.5 day(s).
362,TRK-ACT-25,2024-10-17,Corrective,Medium,"Suspension Leaf Spring Break; part inspected, replaced, and road-tested.",Leaf Spring Set,Danny Morgan,3.0,479.66,"Unscheduled repair. Vehicle down for 3.0 day(s), cost $479.66 USD."
363,TRK-ACT-25,2024-11-28,Corrective,Medium,"Suspension Leaf Spring Break; part inspected, replaced, and road-tested.",Leaf Spring Set,John Pierce,2.6,509.63,"Unscheduled repair. Vehicle down for 2.6 day(s), cost $509.63 USD."
364,TRK-ACT-25,2025-01-12,Corrective,High,"Radiator Leak / Overheating; part inspected, replaced, and road-tested.",Radiator Assembly,Eric Carney,2.4,460.92,"Unscheduled repair. Vehicle down for 2.4 day(s), cost $460.92 USD."
365,TRK-ACT-25,2025-01-15,Preventive,Medium,Battery Health Check & Replacement performed per scheduled maintenance calendar.,Heavy-Duty Battery,Timothy Duncan,0.9,289.13,Routine preventive service; vehicle returned to service after 0.9 day(s).
366,TRK-ACT-25,2025-04-12,Preventive,Low,Coolant System Flush performed per scheduled maintenance calendar.,Coolant + Thermostat,Michael Lewis,0.6,232.23,Routine preventive service; vehicle returned to service after 0.6 day(s).
367,TRK-ACT-25,2025-05-22,Corrective,High,"Clutch Assembly Failure; part inspected, replaced, and road-tested.",Clutch Plate & Pressure Plate,John Pierce,2.2,937.39,"Unscheduled repair. Vehicle down for 2.2 day(s), cost $937.39 USD."
368,TRK-ACT-25,2025-07-05,Preventive,Low,Coolant System Flush performed per scheduled maintenance calendar.,Coolant + Thermostat,Joshua Blair,0.9,286.72,Routine preventive service; vehicle returned to service after 0.9 day(s).
369,TRK-ACT-25,2025-07-12,Corrective,Low,"Water Pump Failure; part inspected, replaced, and road-tested.",Water Pump,Richard Aguirre,1.3,425.96,"Unscheduled repair. Vehicle down for 1.3 day(s), cost $425.96 USD."
370,TRK-ACT-25,2025-07-30,Corrective,Medium,"Alternator Failure; part inspected, replaced, and road-tested.",Alternator Unit,Crystal Robinson,1.6,622.46,"Unscheduled repair. Vehicle down for 1.6 day(s), cost $622.46 USD."
371,TRK-ACT-25,2025-10-07,Preventive,Low,Tire Rotation & Pressure Check performed per scheduled maintenance calendar.,N/A (Service Only),Danny Morgan,0.6,200.72,Routine preventive service; vehicle returned to service after 0.6 day(s).
372,TRK-ACT-25,2026-01-19,Preventive,Low,Air Filter Replacement performed per scheduled maintenance calendar.,Air Filter Element,Eric Carney,0.7,195.86,Routine preventive service; vehicle returned to service after 0.7 day(s).
373,TRK-ACT-25,2026-03-20,Corrective,Critical,"Gearbox Overhaul; part inspected, replaced, and road-tested.",Gearbox Assembly,Eric Carney,5.6,1542.64,"Unscheduled repair. Vehicle down for 5.6 day(s), cost $1,542.64 USD."
374,TRK-ACT-25,2026-03-30,Corrective,Low,"Electrical / Wiring Fault; part inspected, replaced, and road-tested.",Wiring Harness Section,Timothy Duncan,0.7,241.32,"Unscheduled repair. Vehicle down for 0.7 day(s), cost $241.32 USD."
375,TRK-ACT-25,2026-04-16,Preventive,Low,Tire Rotation & Pressure Check performed per scheduled maintenance calendar.,N/A (Service Only),Victoria Garcia,0.9,186.8,Routine preventive service; vehicle returned to service after 0.9 day(s).
376,TRK-ACT-25,2026-04-18,Corrective,Critical,"Turbocharger Assembly Failure; part inspected, replaced, and road-tested.",Turbocharger Assembly,Shane Henderson,6.1,1474.62,"Unscheduled repair. Vehicle down for 6.1 day(s), cost $1,474.62 USD."
377,TRK-ACT-26,2024-07-19,Preventive,Medium,Brake Inspection & Pad Service performed per scheduled maintenance calendar.,Brake Pads (Front/Rear),Brent Jordan,1.4,361.93,Routine preventive service; vehicle returned to service after 1.4 day(s).
378,TRK-ACT-26,2024-08-28,Corrective,High,"Fuel Injector Malfunction; part inspected, replaced, and road-tested.",Fuel Injector Set,John Pierce,2.2,865.51,"Unscheduled repair. Vehicle down for 2.2 day(s), cost $865.51 USD."
379,TRK-ACT-26,2024-09-28,Preventive,Low,Tire Rotation & Pressure Check performed per scheduled maintenance calendar.,N/A (Service Only),Jessica Holmes,0.9,183.36,Routine preventive service; vehicle returned to service after 0.9 day(s).
380,TRK-ACT-26,2024-12-25,Preventive,Medium,Full Preventive Service Inspection performed per scheduled maintenance calendar.,Multi-point Service Kit,Shane Henderson,1.3,321.88,Routine preventive service; vehicle returned to service after 1.3 day(s).
381,TRK-ACT-26,2025-02-02,Corrective,Medium,"Brake Drum / Shoe Failure; part inspected, replaced, and road-tested.",Brake Drum & Shoe Set,Michael Lewis,1.8,274.11,"Unscheduled repair. Vehicle down for 1.8 day(s), cost $274.11 USD."
382,TRK-ACT-26,2025-03-12,Preventive,Low,Coolant System Flush performed per scheduled maintenance calendar.,Coolant + Thermostat,Mark Perez,0.8,249.1,Routine preventive service; vehicle returned to service after 0.8 day(s).
383,TRK-ACT-26,2025-06-01,Corrective,Critical,"Differential Failure; part inspected, replaced, and road-tested.",Differential Assembly,Eric Carney,3.6,1376.63,"Unscheduled repair. Vehicle down for 3.6 day(s), cost $1,376.63 USD."
384,TRK-ACT-26,2025-07-07,Preventive,Low,Air Filter Replacement performed per scheduled maintenance calendar.,Air Filter Element,Richard Aguirre,0.6,166.42,Routine preventive service; vehicle returned to service after 0.6 day(s).
385,TRK-ACT-26,2025-09-11,Corrective,High,"Clutch Assembly Failure; part inspected, replaced, and road-tested.",Clutch Plate & Pressure Plate,Richard Aguirre,2.6,860.81,"Unscheduled repair. Vehicle down for 2.6 day(s), cost $860.81 USD."
386,TRK-ACT-26,2025-10-10,Preventive,Low,Coolant System Flush performed per scheduled maintenance calendar.,Coolant + Thermostat,John Daniel,0.8,182.04,Routine preventive service; vehicle returned to service after 0.8 day(s).
387,TRK-ACT-26,2025-11-17,Corrective,Critical,"Differential Failure; part inspected, replaced, and road-tested.",Differential Assembly,Brent Jordan,4.1,1090.5,"Unscheduled repair. Vehicle down for 4.1 day(s), cost $1,090.50 USD."
388,TRK-ACT-26,2026-01-31,Preventive,Medium,Battery Health Check & Replacement performed per scheduled maintenance calendar.,Heavy-Duty Battery,Jessica Holmes,0.5,324.02,Routine preventive service; vehicle returned to service after 0.5 day(s).
389,TRK-ACT-26,2026-05-03,Preventive,Low,Oil & Filter Change performed per scheduled maintenance calendar.,Engine Oil + Oil Filter,Timothy Duncan,0.8,172.52,Routine preventive service; vehicle returned to service after 0.8 day(s).
390,TRK-ACT-27,2024-07-29,Corrective,Medium,"Suspension Leaf Spring Break; part inspected, replaced, and road-tested.",Leaf Spring Set,Brent Jordan,1.8,549.98,"Unscheduled repair. Vehicle down for 1.8 day(s), cost $549.98 USD."
391,TRK-ACT-27,2024-08-19,Preventive,Medium,Battery Health Check & Replacement performed per scheduled maintenance calendar.,Heavy-Duty Battery,Shannon Jones,0.9,304.08,Routine preventive service; vehicle returned to service after 0.9 day(s).
392,TRK-ACT-27,2024-08-28,Corrective,Critical,"Differential Failure; part inspected, replaced, and road-tested.",Differential Assembly,Eric Carney,5.6,1298.28,"Unscheduled repair. Vehicle down for 5.6 day(s), cost $1,298.28 USD."
393,TRK-ACT-27,2024-10-12,Corrective,Medium,"Suspension Leaf Spring Break; part inspected, replaced, and road-tested.",Leaf Spring Set,Eric Carney,1.2,442.11,"Unscheduled repair. Vehicle down for 1.2 day(s), cost $442.11 USD."
394,TRK-ACT-27,2024-10-25,Preventive,Low,Coolant System Flush performed per scheduled maintenance calendar.,Coolant + Thermostat,Jessica Holmes,0.5,303.76,Routine preventive service; vehicle returned to service after 0.5 day(s).
395,TRK-ACT-27,2025-01-23,Preventive,Low,Oil & Filter Change performed per scheduled maintenance calendar.,Engine Oil + Oil Filter,Shane Henderson,0.9,237.68,Routine preventive service; vehicle returned to service after 0.9 day(s).
396,TRK-ACT-27,2025-03-28,Corrective,Low,"Electrical / Wiring Fault; part inspected, replaced, and road-tested.",Wiring Harness Section,Shane Henderson,0.9,256.91,"Unscheduled repair. Vehicle down for 0.9 day(s), cost $256.91 USD."
397,TRK-ACT-27,2025-04-14,Preventive,Low,Oil & Filter Change performed per scheduled maintenance calendar.,Engine Oil + Oil Filter,Mark Perez,0.8,246.22,Routine preventive service; vehicle returned to service after 0.8 day(s).
398,TRK-ACT-27,2025-07-05,Preventive,Low,Oil & Filter Change performed per scheduled maintenance calendar.,Engine Oil + Oil Filter,John Daniel,0.9,155.06,Routine preventive service; vehicle returned to service after 0.9 day(s).
399,TRK-ACT-27,2025-08-26,Corrective,Medium,"Brake Drum / Shoe Failure; part inspected, replaced, and road-tested.",Brake Drum & Shoe Set,Brent Jordan,2.2,397.72,"Unscheduled repair. Vehicle down for 2.2 day(s), cost $397.72 USD."
400,TRK-ACT-27,2025-09-17,Preventive,Low,Air Filter Replacement performed per scheduled maintenance calendar.,Air Filter Element,Victoria Garcia,0.8,195.03,Routine preventive service; vehicle returned to service after 0.8 day(s).
401,TRK-ACT-27,2025-10-13,Corrective,Low,"Water Pump Failure; part inspected, replaced, and road-tested.",Water Pump,Brent Jordan,1.5,382.39,"Unscheduled repair. Vehicle down for 1.5 day(s), cost $382.39 USD."
402,TRK-ACT-27,2025-10-14,Corrective,High,"Clutch Assembly Failure; part inspected, replaced, and road-tested.",Clutch Plate & Pressure Plate,Mark Perez,3.6,742.28,"Unscheduled repair. Vehicle down for 3.6 day(s), cost $742.28 USD."
403,TRK-ACT-27,2025-10-20,Corrective,High,"Radiator Leak / Overheating; part inspected, replaced, and road-tested.",Radiator Assembly,Michael Lewis,2.8,668.95,"Unscheduled repair. Vehicle down for 2.8 day(s), cost $668.95 USD."
404,TRK-ACT-27,2025-11-09,Corrective,High,"Clutch Assembly Failure; part inspected, replaced, and road-tested.",Clutch Plate & Pressure Plate,Mark Perez,2.3,755.4,"Unscheduled repair. Vehicle down for 2.3 day(s), cost $755.40 USD."
405,TRK-ACT-27,2025-12-01,Preventive,Low,Oil & Filter Change performed per scheduled maintenance calendar.,Engine Oil + Oil Filter,Brent Jordan,0.6,188.86,Routine preventive service; vehicle returned to service after 0.6 day(s).
406,TRK-ACT-27,2025-12-24,Corrective,Medium,"Starter Motor Failure; part inspected, replaced, and road-tested.",Starter Motor,Crystal Robinson,1.6,410.38,"Unscheduled repair. Vehicle down for 1.6 day(s), cost $410.38 USD."
407,TRK-ACT-27,2026-01-17,Corrective,Critical,"Turbocharger Assembly Failure; part inspected, replaced, and road-tested.",Turbocharger Assembly,Shane Henderson,7.3,1600.0,"Unscheduled repair. Vehicle down for 7.3 day(s), cost $1,600.00 USD."
408,TRK-ACT-27,2026-02-26,Corrective,Critical,"Turbocharger Assembly Failure; part inspected, replaced, and road-tested.",Turbocharger Assembly,John Pierce,7.2,1463.24,"Unscheduled repair. Vehicle down for 7.2 day(s), cost $1,463.24 USD."
409,TRK-ACT-27,2026-03-26,Preventive,Low,Air Filter Replacement performed per scheduled maintenance calendar.,Air Filter Element,Richard Aguirre,0.7,210.22,Routine preventive service; vehicle returned to service after 0.7 day(s).
410,TRK-ACT-27,2026-03-26,Corrective,Medium,"Brake Drum / Shoe Failure; part inspected, replaced, and road-tested.",Brake Drum & Shoe Set,Timothy Duncan,1.9,558.14,"Unscheduled repair. Vehicle down for 1.9 day(s), cost $558.14 USD."
411,TRK-ACT-28,2024-08-08,Preventive,Medium,Battery Health Check & Replacement performed per scheduled maintenance calendar.,Heavy-Duty Battery,John Daniel,1.0,345.72,Routine preventive service; vehicle returned to service after 1.0 day(s).
412,TRK-ACT-28,2024-09-12,Corrective,Critical,"Turbocharger Assembly Failure; part inspected, replaced, and road-tested.",Turbocharger Assembly,Crystal Robinson,6.6,1600.0,"Unscheduled repair. Vehicle down for 6.6 day(s), cost $1,600.00 USD."
413,TRK-ACT-28,2024-11-06,Preventive,Low,Tire Rotation & Pressure Check performed per scheduled maintenance calendar.,N/A (Service Only),Mark Perez,0.9,228.57,Routine preventive service; vehicle returned to service after 0.9 day(s).
414,TRK-ACT-28,2025-02-08,Preventive,Medium,Brake Inspection & Pad Service performed per scheduled maintenance calendar.,Brake Pads (Front/Rear),John Pierce,1.3,299.5,Routine preventive service; vehicle returned to service after 1.3 day(s).
415,TRK-ACT-28,2025-04-21,Preventive,Low,Oil & Filter Change performed per scheduled maintenance calendar.,Engine Oil + Oil Filter,Michael Lewis,0.8,162.94,Routine preventive service; vehicle returned to service after 0.8 day(s).
416,TRK-ACT-28,2025-07-23,Preventive,Medium,Battery Health Check & Replacement performed per scheduled maintenance calendar.,Heavy-Duty Battery,Mark Perez,0.7,224.03,Routine preventive service; vehicle returned to service after 0.7 day(s).
417,TRK-ACT-28,2025-07-26,Corrective,Critical,"Gearbox Overhaul; part inspected, replaced, and road-tested.",Gearbox Assembly,John Pierce,6.0,1504.57,"Unscheduled repair. Vehicle down for 6.0 day(s), cost $1,504.57 USD."
418,TRK-ACT-28,2025-08-12,Corrective,High,"Fuel Injector Malfunction; part inspected, replaced, and road-tested.",Fuel Injector Set,Victoria Garcia,2.8,733.95,"Unscheduled repair. Vehicle down for 2.8 day(s), cost $733.95 USD."
419,TRK-ACT-28,2025-10-28,Preventive,Low,Oil & Filter Change performed per scheduled maintenance calendar.,Engine Oil + Oil Filter,Shane Henderson,0.8,245.92,Routine preventive service; vehicle returned to service after 0.8 day(s).
420,TRK-ACT-28,2026-01-09,Corrective,High,"Radiator Leak / Overheating; part inspected, replaced, and road-tested.",Radiator Assembly,Brent Jordan,2.7,712.04,"Unscheduled repair. Vehicle down for 2.7 day(s), cost $712.04 USD."
421,TRK-ACT-28,2026-01-15,Preventive,Low,Coolant System Flush performed per scheduled maintenance calendar.,Coolant + Thermostat,Eric Carney,1.0,237.42,Routine preventive service; vehicle returned to service after 1.0 day(s).
422,TRK-ACT-28,2026-04-05,Preventive,Low,Air Filter Replacement performed per scheduled maintenance calendar.,Air Filter Element,Danny Morgan,0.6,166.14,Routine preventive service; vehicle returned to service after 0.6 day(s).
423,TRK-ACT-28,2026-06-06,Corrective,Medium,"Alternator Failure; part inspected, replaced, and road-tested.",Alternator Unit,Brent Jordan,1.1,449.66,"Unscheduled repair. Vehicle down for 1.1 day(s), cost $449.66 USD."
424,TRK-ACT-28,2026-06-18,Preventive,Medium,Battery Health Check & Replacement performed per scheduled maintenance calendar.,Heavy-Duty Battery,Timothy Duncan,0.8,251.54,Routine preventive service; vehicle returned to service after 0.8 day(s).
425,TRK-ACT-29,2024-07-30,Preventive,Low,Oil & Filter Change performed per scheduled maintenance calendar.,Engine Oil + Oil Filter,John Pierce,0.8,169.3,Routine preventive service; vehicle returned to service after 0.8 day(s).
426,TRK-ACT-29,2024-08-12,Corrective,Critical,"Differential Failure; part inspected, replaced, and road-tested.",Differential Assembly,John Pierce,4.1,1152.08,"Unscheduled repair. Vehicle down for 4.1 day(s), cost $1,152.08 USD."
427,TRK-ACT-29,2024-10-07,Corrective,Critical,"Gearbox Overhaul; part inspected, replaced, and road-tested.",Gearbox Assembly,Victoria Garcia,5.7,1600.0,"Unscheduled repair. Vehicle down for 5.7 day(s), cost $1,600.00 USD."
428,TRK-ACT-29,2024-10-13,Preventive,Low,Tire Rotation & Pressure Check performed per scheduled maintenance calendar.,N/A (Service Only),John Pierce,0.7,166.04,Routine preventive service; vehicle returned to service after 0.7 day(s).
429,TRK-ACT-29,2024-12-29,Preventive,Medium,Full Preventive Service Inspection performed per scheduled maintenance calendar.,Multi-point Service Kit,John Pierce,1.3,400.37,Routine preventive service; vehicle returned to service after 1.3 day(s).
430,TRK-ACT-29,2025-02-09,Corrective,Critical,"Gearbox Overhaul; part inspected, replaced, and road-tested.",Gearbox Assembly,Brent Jordan,5.7,1344.07,"Unscheduled repair. Vehicle down for 5.7 day(s), cost $1,344.07 USD."
431,TRK-ACT-29,2025-04-11,Preventive,Low,Oil & Filter Change performed per scheduled maintenance calendar.,Engine Oil + Oil Filter,John Pierce,0.9,198.28,Routine preventive service; vehicle returned to service after 0.9 day(s).
432,TRK-ACT-29,2025-05-23,Corrective,High,"Fuel Injector Malfunction; part inspected, replaced, and road-tested.",Fuel Injector Set,Victoria Garcia,3.1,840.38,"Unscheduled repair. Vehicle down for 3.1 day(s), cost $840.38 USD."
433,TRK-ACT-29,2025-06-28,Preventive,Low,Air Filter Replacement performed per scheduled maintenance calendar.,Air Filter Element,Brent Jordan,0.9,206.3,Routine preventive service; vehicle returned to service after 0.9 day(s).
434,TRK-ACT-29,2025-10-13,Preventive,Low,Air Filter Replacement performed per scheduled maintenance calendar.,Air Filter Element,Joshua Blair,0.8,205.42,Routine preventive service; vehicle returned to service after 0.8 day(s).
435,TRK-ACT-29,2025-12-24,Preventive,Medium,Battery Health Check & Replacement performed per scheduled maintenance calendar.,Heavy-Duty Battery,Shane Henderson,0.6,330.83,Routine preventive service; vehicle returned to service after 0.6 day(s).
436,TRK-ACT-29,2026-03-09,Preventive,Low,Air Filter Replacement performed per scheduled maintenance calendar.,Air Filter Element,Richard Aguirre,0.7,207.39,Routine preventive service; vehicle returned to service after 0.7 day(s).
437,TRK-ACT-29,2026-03-21,Corrective,Critical,"Gearbox Overhaul; part inspected, replaced, and road-tested.",Gearbox Assembly,Richard Aguirre,5.6,1440.35,"Unscheduled repair. Vehicle down for 5.6 day(s), cost $1,440.35 USD."
438,TRK-ACT-29,2026-06-07,Preventive,Low,Tire Rotation & Pressure Check performed per scheduled maintenance calendar.,N/A (Service Only),Shannon Jones,0.9,201.93,Routine preventive service; vehicle returned to service after 0.9 day(s).
439,TRK-ACT-30,2024-07-25,Preventive,Low,Coolant System Flush performed per scheduled maintenance calendar.,Coolant + Thermostat,Eric Carney,0.6,262.0,Routine preventive service; vehicle returned to service after 0.6 day(s).
440,TRK-ACT-30,2024-09-20,Corrective,Critical,"Gearbox Overhaul; part inspected, replaced, and road-tested.",Gearbox Assembly,Brent Jordan,6.9,1514.04,"Unscheduled repair. Vehicle down for 6.9 day(s), cost $1,514.04 USD."
441,TRK-ACT-30,2024-10-01,Preventive,Medium,Full Preventive Service Inspection performed per scheduled maintenance calendar.,Multi-point Service Kit,Jessica Holmes,1.1,415.47,Routine preventive service; vehicle returned to service after 1.1 day(s).
442,TRK-ACT-30,2024-10-21,Corrective,Medium,"Brake Drum / Shoe Failure; part inspected, replaced, and road-tested.",Brake Drum & Shoe Set,Eric Carney,2.0,347.53,"Unscheduled repair. Vehicle down for 2.0 day(s), cost $347.53 USD."
443,TRK-ACT-30,2024-12-27,Preventive,Medium,Battery Health Check & Replacement performed per scheduled maintenance calendar.,Heavy-Duty Battery,Michael Lewis,0.6,248.66,Routine preventive service; vehicle returned to service after 0.6 day(s).
444,TRK-ACT-30,2025-04-01,Preventive,Low,Oil & Filter Change performed per scheduled maintenance calendar.,Engine Oil + Oil Filter,John Pierce,0.6,223.81,Routine preventive service; vehicle returned to service after 0.6 day(s).
445,TRK-ACT-30,2025-04-15,Corrective,High,"Clutch Assembly Failure; part inspected, replaced, and road-tested.",Clutch Plate & Pressure Plate,Shannon Jones,2.4,828.89,"Unscheduled repair. Vehicle down for 2.4 day(s), cost $828.89 USD."
446,TRK-ACT-30,2025-05-09,Corrective,High,"Clutch Assembly Failure; part inspected, replaced, and road-tested.",Clutch Plate & Pressure Plate,Richard Aguirre,4.4,1037.0,"Unscheduled repair. Vehicle down for 4.4 day(s), cost $1,037.00 USD."
447,TRK-ACT-30,2025-07-05,Preventive,Medium,Full Preventive Service Inspection performed per scheduled maintenance calendar.,Multi-point Service Kit,Crystal Robinson,1.3,372.04,Routine preventive service; vehicle returned to service after 1.3 day(s).
448,TRK-ACT-30,2025-09-18,Preventive,Low,Tire Rotation & Pressure Check performed per scheduled maintenance calendar.,N/A (Service Only),Crystal Robinson,0.6,194.38,Routine preventive service; vehicle returned to service after 0.6 day(s).
449,TRK-ACT-30,2025-12-18,Preventive,Low,Coolant System Flush performed per scheduled maintenance calendar.,Coolant + Thermostat,Shannon Jones,0.6,297.07,Routine preventive service; vehicle returned to service after 0.6 day(s).
450,TRK-ACT-30,2026-02-25,Preventive,Low,Tire Rotation & Pressure Check performed per scheduled maintenance calendar.,N/A (Service Only),John Daniel,0.9,236.63,Routine preventive service; vehicle returned to service after 0.9 day(s).
451,TRK-ACT-30,2026-03-21,Corrective,High,"Clutch Assembly Failure; part inspected, replaced, and road-tested.",Clutch Plate & Pressure Plate,Danny Morgan,4.1,933.32,"Unscheduled repair. Vehicle down for 4.1 day(s), cost $933.32 USD."
452,TRK-ACT-30,2026-05-07,Preventive,Low,Oil & Filter Change performed per scheduled maintenance calendar.,Engine Oil + Oil Filter,John Pierce,0.5,156.33,Routine preventive service; vehicle returned to service after 0.5 day(s).
453,TRK-ACT-31,2024-07-08,Preventive,Low,Coolant System Flush performed per scheduled maintenance calendar.,Coolant + Thermostat,Crystal Robinson,0.6,196.96,Routine preventive service; vehicle returned to service after 0.6 day(s).
454,TRK-ACT-31,2024-10-24,Preventive,Medium,Brake Inspection & Pad Service performed per scheduled maintenance calendar.,Brake Pads (Front/Rear),Brent Jordan,1.5,285.05,Routine preventive service; vehicle returned to service after 1.5 day(s).
455,TRK-ACT-31,2025-01-19,Preventive,Low,Air Filter Replacement performed per scheduled maintenance calendar.,Air Filter Element,Victoria Garcia,0.5,176.61,Routine preventive service; vehicle returned to service after 0.5 day(s).
456,TRK-ACT-31,2025-04-19,Preventive,Low,Coolant System Flush performed per scheduled maintenance calendar.,Coolant + Thermostat,Victoria Garcia,0.7,213.29,Routine preventive service; vehicle returned to service after 0.7 day(s).
457,TRK-ACT-31,2025-07-17,Preventive,Medium,Brake Inspection & Pad Service performed per scheduled maintenance calendar.,Brake Pads (Front/Rear),Shannon Jones,1.3,243.27,Routine preventive service; vehicle returned to service after 1.3 day(s).
458,TRK-ACT-31,2025-10-15,Preventive,Medium,Battery Health Check & Replacement performed per scheduled maintenance calendar.,Heavy-Duty Battery,Crystal Robinson,0.7,339.12,Routine preventive service; vehicle returned to service after 0.7 day(s).
459,TRK-ACT-31,2026-01-04,Preventive,Low,Oil & Filter Change performed per scheduled maintenance calendar.,Engine Oil + Oil Filter,Crystal Robinson,0.9,163.43,Routine preventive service; vehicle returned to service after 0.9 day(s).
460,TRK-ACT-31,2026-04-10,Preventive,Low,Tire Rotation & Pressure Check performed per scheduled maintenance calendar.,N/A (Service Only),Joshua Blair,0.7,183.92,Routine preventive service; vehicle returned to service after 0.7 day(s).
461,TRK-ACT-32,2024-07-07,Preventive,Low,Oil & Filter Change performed per scheduled maintenance calendar.,Engine Oil + Oil Filter,Victoria Garcia,0.5,253.18,Routine preventive service; vehicle returned to service after 0.5 day(s).
462,TRK-ACT-32,2024-08-06,Corrective,Low,"Electrical / Wiring Fault; part inspected, replaced, and road-tested.",Wiring Harness Section,Brent Jordan,0.8,281.96,"Unscheduled repair. Vehicle down for 0.8 day(s), cost $281.96 USD."
463,TRK-ACT-32,2024-09-24,Corrective,High,"Clutch Assembly Failure; part inspected, replaced, and road-tested.",Clutch Plate & Pressure Plate,Victoria Garcia,4.2,929.98,"Unscheduled repair. Vehicle down for 4.2 day(s), cost $929.98 USD."
464,TRK-ACT-32,2024-10-12,Preventive,Medium,Full Preventive Service Inspection performed per scheduled maintenance calendar.,Multi-point Service Kit,Mark Perez,1.2,399.34,Routine preventive service; vehicle returned to service after 1.2 day(s).
465,TRK-ACT-32,2024-12-08,Corrective,High,"Radiator Leak / Overheating; part inspected, replaced, and road-tested.",Radiator Assembly,John Daniel,2.9,561.02,"Unscheduled repair. Vehicle down for 2.9 day(s), cost $561.02 USD."
466,TRK-ACT-32,2024-12-08,Corrective,Medium,"Starter Motor Failure; part inspected, replaced, and road-tested.",Starter Motor,Timothy Duncan,2.0,430.71,"Unscheduled repair. Vehicle down for 2.0 day(s), cost $430.71 USD."
467,TRK-ACT-32,2025-02-09,Preventive,Low,Oil & Filter Change performed per scheduled maintenance calendar.,Engine Oil + Oil Filter,John Daniel,0.9,194.93,Routine preventive service; vehicle returned to service after 0.9 day(s).
468,TRK-ACT-32,2025-04-09,Corrective,High,"Fuel Injector Malfunction; part inspected, replaced, and road-tested.",Fuel Injector Set,John Pierce,2.6,775.97,"Unscheduled repair. Vehicle down for 2.6 day(s), cost $775.97 USD."
469,TRK-ACT-32,2025-04-21,Preventive,Medium,Full Preventive Service Inspection performed per scheduled maintenance calendar.,Multi-point Service Kit,Joshua Blair,1.0,439.61,Routine preventive service; vehicle returned to service after 1.0 day(s).
470,TRK-ACT-32,2025-05-31,Corrective,High,"Radiator Leak / Overheating; part inspected, replaced, and road-tested.",Radiator Assembly,Richard Aguirre,2.4,591.56,"Unscheduled repair. Vehicle down for 2.4 day(s), cost $591.56 USD."
471,TRK-ACT-32,2025-07-16,Preventive,Medium,Full Preventive Service Inspection performed per scheduled maintenance calendar.,Multi-point Service Kit,Danny Morgan,1.5,312.04,Routine preventive service; vehicle returned to service after 1.5 day(s).
472,TRK-ACT-32,2025-10-17,Preventive,Medium,Brake Inspection & Pad Service performed per scheduled maintenance calendar.,Brake Pads (Front/Rear),John Daniel,1.1,317.86,Routine preventive service; vehicle returned to service after 1.1 day(s).
473,TRK-ACT-32,2025-12-13,Corrective,Medium,"Suspension Leaf Spring Break; part inspected, replaced, and road-tested.",Leaf Spring Set,Danny Morgan,3.3,685.83,"Unscheduled repair. Vehicle down for 3.3 day(s), cost $685.83 USD."
474,TRK-ACT-32,2025-12-27,Preventive,Medium,Brake Inspection & Pad Service performed per scheduled maintenance calendar.,Brake Pads (Front/Rear),Brent Jordan,1.3,312.86,Routine preventive service; vehicle returned to service after 1.3 day(s).
475,TRK-ACT-32,2026-04-02,Preventive,Medium,Full Preventive Service Inspection performed per scheduled maintenance calendar.,Multi-point Service Kit,Michael Lewis,1.0,430.39,Routine preventive service; vehicle returned to service after 1.0 day(s).
476,TRK-ACT-32,2026-06-24,Corrective,Low,"Water Pump Failure; part inspected, replaced, and road-tested.",Water Pump,John Daniel,1.4,332.3,"Unscheduled repair. Vehicle down for 1.4 day(s), cost $332.30 USD."
477,TRK-ACT-32,2026-06-29,Preventive,Low,Tire Rotation & Pressure Check performed per scheduled maintenance calendar.,N/A (Service Only),Danny Morgan,1.0,159.71,Routine preventive service; vehicle returned to service after 1.0 day(s).
478,TRK-ACT-33,2024-07-22,Preventive,Low,Oil & Filter Change performed per scheduled maintenance calendar.,Engine Oil + Oil Filter,Victoria Garcia,0.7,223.11,Routine preventive service; vehicle returned to service after 0.7 day(s).
479,TRK-ACT-33,2024-10-22,Preventive,Low,Air Filter Replacement performed per scheduled maintenance calendar.,Air Filter Element,Jessica Holmes,0.7,208.03,Routine preventive service; vehicle returned to service after 0.7 day(s).
480,TRK-ACT-33,2024-11-05,Corrective,High,"Clutch Assembly Failure; part inspected, replaced, and road-tested.",Clutch Plate & Pressure Plate,John Pierce,3.2,813.31,"Unscheduled repair. Vehicle down for 3.2 day(s), cost $813.31 USD."
481,TRK-ACT-33,2025-01-15,Corrective,High,"Clutch Assembly Failure; part inspected, replaced, and road-tested.",Clutch Plate & Pressure Plate,John Pierce,2.4,988.32,"Unscheduled repair. Vehicle down for 2.4 day(s), cost $988.32 USD."
482,TRK-ACT-33,2025-01-23,Preventive,Low,Air Filter Replacement performed per scheduled maintenance calendar.,Air Filter Element,Jessica Holmes,0.8,202.73,Routine preventive service; vehicle returned to service after 0.8 day(s).
483,TRK-ACT-33,2025-04-21,Corrective,Medium,"Brake Drum / Shoe Failure; part inspected, replaced, and road-tested.",Brake Drum & Shoe Set,Shane Henderson,2.2,345.84,"Unscheduled repair. Vehicle down for 2.2 day(s), cost $345.84 USD."
484,TRK-ACT-33,2025-05-06,Preventive,Medium,Battery Health Check & Replacement performed per scheduled maintenance calendar.,Heavy-Duty Battery,Brent Jordan,0.9,399.75,Routine preventive service; vehicle returned to service after 0.9 day(s).
485,TRK-ACT-33,2025-05-25,Corrective,Critical,"Differential Failure; part inspected, replaced, and road-tested.",Differential Assembly,Eric Carney,6.0,1132.66,"Unscheduled repair. Vehicle down for 6.0 day(s), cost $1,132.66 USD."
486,TRK-ACT-33,2025-07-30,Preventive,Low,Air Filter Replacement performed per scheduled maintenance calendar.,Air Filter Element,Crystal Robinson,0.9,204.33,Routine preventive service; vehicle returned to service after 0.9 day(s).
487,TRK-ACT-33,2025-09-27,Corrective,Low,"Water Pump Failure; part inspected, replaced, and road-tested.",Water Pump,Brent Jordan,1.9,310.59,"Unscheduled repair. Vehicle down for 1.9 day(s), cost $310.59 USD."
488,TRK-ACT-33,2025-10-18,Corrective,Low,"Electrical / Wiring Fault; part inspected, replaced, and road-tested.",Wiring Harness Section,Joshua Blair,0.9,187.96,"Unscheduled repair. Vehicle down for 0.9 day(s), cost $187.96 USD."
489,TRK-ACT-33,2025-11-08,Preventive,Low,Air Filter Replacement performed per scheduled maintenance calendar.,Air Filter Element,Eric Carney,0.6,184.52,Routine preventive service; vehicle returned to service after 0.6 day(s).
490,TRK-ACT-33,2025-11-22,Corrective,Critical,"Turbocharger Assembly Failure; part inspected, replaced, and road-tested.",Turbocharger Assembly,Eric Carney,7.5,1497.14,"Unscheduled repair. Vehicle down for 7.5 day(s), cost $1,497.14 USD."
491,TRK-ACT-33,2025-11-28,Corrective,Critical,"Gearbox Overhaul; part inspected, replaced, and road-tested.",Gearbox Assembly,Brent Jordan,5.8,1600.0,"Unscheduled repair. Vehicle down for 5.8 day(s), cost $1,600.00 USD."
492,TRK-ACT-33,2026-02-11,Preventive,Medium,Brake Inspection & Pad Service performed per scheduled maintenance calendar.,Brake Pads (Front/Rear),Joshua Blair,1.5,373.61,Routine preventive service; vehicle returned to service after 1.5 day(s).
493,TRK-ACT-33,2026-04-06,Corrective,High,"Fuel Injector Malfunction; part inspected, replaced, and road-tested.",Fuel Injector Set,Crystal Robinson,2.3,936.28,"Unscheduled repair. Vehicle down for 2.3 day(s), cost $936.28 USD."
494,TRK-ACT-33,2026-05-07,Corrective,Medium,"Suspension Leaf Spring Break; part inspected, replaced, and road-tested.",Leaf Spring Set,Crystal Robinson,1.6,719.04,"Unscheduled repair. Vehicle down for 1.6 day(s), cost $719.04 USD."
495,TRK-ACT-33,2026-05-26,Preventive,Low,Air Filter Replacement performed per scheduled maintenance calendar.,Air Filter Element,Shane Henderson,1.0,169.16,Routine preventive service; vehicle returned to service after 1.0 day(s).
496,TRK-ACT-33,2026-06-03,Corrective,Critical,"Differential Failure; part inspected, replaced, and road-tested.",Differential Assembly,Brent Jordan,3.7,1360.66,"Unscheduled repair. Vehicle down for 3.7 day(s), cost $1,360.66 USD."
497,TRK-ACT-34,2024-08-22,Preventive,Low,Tire Rotation & Pressure Check performed per scheduled maintenance calendar.,N/A (Service Only),Jessica Holmes,0.7,206.17,Routine preventive service; vehicle returned to service after 0.7 day(s).
498,TRK-ACT-34,2024-11-14,Preventive,Medium,Brake Inspection & Pad Service performed per scheduled maintenance calendar.,Brake Pads (Front/Rear),Shannon Jones,1.4,395.79,Routine preventive service; vehicle returned to service after 1.4 day(s).
499,TRK-ACT-34,2025-02-11,Preventive,Low,Air Filter Replacement performed per scheduled maintenance calendar.,Air Filter Element,Joshua Blair,0.8,194.31,Routine preventive service; vehicle returned to service after 0.8 day(s).
500,TRK-ACT-34,2025-02-21,Corrective,Critical,"Turbocharger Assembly Failure; part inspected, replaced, and road-tested.",Turbocharger Assembly,Richard Aguirre,4.9,1322.73,"Unscheduled repair. Vehicle down for 4.9 day(s), cost $1,322.73 USD."
501,TRK-ACT-34,2025-05-02,Preventive,Low,Coolant System Flush performed per scheduled maintenance calendar.,Coolant + Thermostat,Richard Aguirre,0.6,310.57,Routine preventive service; vehicle returned to service after 0.6 day(s).
502,TRK-ACT-34,2025-05-03,Corrective,Low,"Water Pump Failure; part inspected, replaced, and road-tested.",Water Pump,Victoria Garcia,1.0,387.02,"Unscheduled repair. Vehicle down for 1.0 day(s), cost $387.02 USD."
503,TRK-ACT-34,2025-08-05,Preventive,Low,Tire Rotation & Pressure Check performed per scheduled maintenance calendar.,N/A (Service Only),Shannon Jones,0.8,215.65,Routine preventive service; vehicle returned to service after 0.8 day(s).
504,TRK-ACT-34,2025-09-16,Corrective,Medium,"Brake Drum / Shoe Failure; part inspected, replaced, and road-tested.",Brake Drum & Shoe Set,Crystal Robinson,1.7,282.79,"Unscheduled repair. Vehicle down for 1.7 day(s), cost $282.79 USD."
505,TRK-ACT-34,2025-11-13,Preventive,Low,Oil & Filter Change performed per scheduled maintenance calendar.,Engine Oil + Oil Filter,Mark Perez,0.9,182.55,Routine preventive service; vehicle returned to service after 0.9 day(s).
506,TRK-ACT-34,2026-02-15,Preventive,Low,Air Filter Replacement performed per scheduled maintenance calendar.,Air Filter Element,Michael Lewis,0.5,191.89,Routine preventive service; vehicle returned to service after 0.5 day(s).
507,TRK-ACT-34,2026-03-19,Corrective,Medium,"Brake Drum / Shoe Failure; part inspected, replaced, and road-tested.",Brake Drum & Shoe Set,John Daniel,1.7,318.41,"Unscheduled repair. Vehicle down for 1.7 day(s), cost $318.41 USD."
508,TRK-ACT-34,2026-05-30,Preventive,Low,Oil & Filter Change performed per scheduled maintenance calendar.,Engine Oil + Oil Filter,John Pierce,0.7,184.69,Routine preventive service; vehicle returned to service after 0.7 day(s).
509,TRK-ACT-35,2024-07-29,Preventive,Medium,Full Preventive Service Inspection performed per scheduled maintenance calendar.,Multi-point Service Kit,John Daniel,1.1,424.84,Routine preventive service; vehicle returned to service after 1.1 day(s).
510,TRK-ACT-35,2024-08-12,Corrective,Critical,"Differential Failure; part inspected, replaced, and road-tested.",Differential Assembly,Mark Perez,4.5,1027.79,"Unscheduled repair. Vehicle down for 4.5 day(s), cost $1,027.79 USD."
511,TRK-ACT-35,2024-09-10,Corrective,Critical,"Gearbox Overhaul; part inspected, replaced, and road-tested.",Gearbox Assembly,Crystal Robinson,6.8,1560.91,"Unscheduled repair. Vehicle down for 6.8 day(s), cost $1,560.91 USD."
512,TRK-ACT-35,2024-10-22,Preventive,Low,Tire Rotation & Pressure Check performed per scheduled maintenance calendar.,N/A (Service Only),Joshua Blair,0.6,170.01,Routine preventive service; vehicle returned to service after 0.6 day(s).
513,TRK-ACT-35,2025-01-16,Preventive,Low,Coolant System Flush performed per scheduled maintenance calendar.,Coolant + Thermostat,Crystal Robinson,0.9,301.62,Routine preventive service; vehicle returned to service after 0.9 day(s).
514,TRK-ACT-35,2025-03-21,Corrective,Medium,"Starter Motor Failure; part inspected, replaced, and road-tested.",Starter Motor,John Daniel,1.7,489.95,"Unscheduled repair. Vehicle down for 1.7 day(s), cost $489.95 USD."
515,TRK-ACT-35,2025-04-19,Preventive,Low,Oil & Filter Change performed per scheduled maintenance calendar.,Engine Oil + Oil Filter,Timothy Duncan,0.5,166.66,Routine preventive service; vehicle returned to service after 0.5 day(s).
516,TRK-ACT-35,2025-07-11,Preventive,Low,Air Filter Replacement performed per scheduled maintenance calendar.,Air Filter Element,Brent Jordan,0.7,203.18,Routine preventive service; vehicle returned to service after 0.7 day(s).
517,TRK-ACT-35,2025-09-22,Preventive,Medium,Battery Health Check & Replacement performed per scheduled maintenance calendar.,Heavy-Duty Battery,Michael Lewis,0.9,213.43,Routine preventive service; vehicle returned to service after 0.9 day(s).
518,TRK-ACT-35,2026-01-13,Preventive,Medium,Full Preventive Service Inspection performed per scheduled maintenance calendar.,Multi-point Service Kit,Crystal Robinson,1.0,423.05,Routine preventive service; vehicle returned to service after 1.0 day(s).
519,TRK-ACT-35,2026-03-05,Corrective,Low,"Water Pump Failure; part inspected, replaced, and road-tested.",Water Pump,Danny Morgan,1.5,231.72,"Unscheduled repair. Vehicle down for 1.5 day(s), cost $231.72 USD."
520,TRK-ACT-35,2026-04-14,Corrective,Medium,"Starter Motor Failure; part inspected, replaced, and road-tested.",Starter Motor,John Daniel,1.8,329.25,"Unscheduled repair. Vehicle down for 1.8 day(s), cost $329.25 USD."
521,TRK-ACT-35,2026-04-24,Preventive,Medium,Battery Health Check & Replacement performed per scheduled maintenance calendar.,Heavy-Duty Battery,Jessica Holmes,0.8,321.04,Routine preventive service; vehicle returned to service after 0.8 day(s).
522,TRK-ACT-35,2026-06-28,Preventive,Medium,Full Preventive Service Inspection performed per scheduled maintenance calendar.,Multi-point Service Kit,Michael Lewis,1.5,403.94,Routine preventive service; vehicle returned to service after 1.5 day(s).
523,TRK-ACT-36,2024-07-21,Preventive,Medium,Battery Health Check & Replacement performed per scheduled maintenance calendar.,Heavy-Duty Battery,Shannon Jones,0.9,258.21,Routine preventive service; vehicle returned to service after 0.9 day(s).
524,TRK-ACT-36,2024-09-24,Preventive,Medium,Full Preventive Service Inspection performed per scheduled maintenance calendar.,Multi-point Service Kit,Jessica Holmes,1.4,422.19,Routine preventive service; vehicle returned to service after 1.4 day(s).
525,TRK-ACT-36,2024-10-22,Corrective,Medium,"Alternator Failure; part inspected, replaced, and road-tested.",Alternator Unit,Jessica Holmes,1.8,585.29,"Unscheduled repair. Vehicle down for 1.8 day(s), cost $585.29 USD."
526,TRK-ACT-36,2024-12-28,Preventive,Medium,Battery Health Check & Replacement performed per scheduled maintenance calendar.,Heavy-Duty Battery,Jessica Holmes,0.7,319.64,Routine preventive service; vehicle returned to service after 0.7 day(s).
527,TRK-ACT-36,2025-04-16,Preventive,Low,Tire Rotation & Pressure Check performed per scheduled maintenance calendar.,N/A (Service Only),Danny Morgan,0.6,167.7,Routine preventive service; vehicle returned to service after 0.6 day(s).
528,TRK-ACT-36,2025-06-18,Corrective,High,"Clutch Assembly Failure; part inspected, replaced, and road-tested.",Clutch Plate & Pressure Plate,Mark Perez,3.3,801.03,"Unscheduled repair. Vehicle down for 3.3 day(s), cost $801.03 USD."
529,TRK-ACT-36,2025-07-21,Preventive,Low,Tire Rotation & Pressure Check performed per scheduled maintenance calendar.,N/A (Service Only),Mark Perez,1.0,168.46,Routine preventive service; vehicle returned to service after 1.0 day(s).
530,TRK-ACT-36,2025-10-05,Corrective,High,"Fuel Injector Malfunction; part inspected, replaced, and road-tested.",Fuel Injector Set,Richard Aguirre,3.0,747.51,"Unscheduled repair. Vehicle down for 3.0 day(s), cost $747.51 USD."
531,TRK-ACT-36,2025-10-10,Preventive,Medium,Battery Health Check & Replacement performed per scheduled maintenance calendar.,Heavy-Duty Battery,Shane Henderson,0.7,273.32,Routine preventive service; vehicle returned to service after 0.7 day(s).
532,TRK-ACT-36,2026-01-23,Preventive,Low,Air Filter Replacement performed per scheduled maintenance calendar.,Air Filter Element,Richard Aguirre,0.9,165.28,Routine preventive service; vehicle returned to service after 0.9 day(s).
533,TRK-ACT-36,2026-04-10,Corrective,Low,"Water Pump Failure; part inspected, replaced, and road-tested.",Water Pump,Eric Carney,1.3,390.22,"Unscheduled repair. Vehicle down for 1.3 day(s), cost $390.22 USD."
534,TRK-ACT-36,2026-04-19,Preventive,Medium,Full Preventive Service Inspection performed per scheduled maintenance calendar.,Multi-point Service Kit,Victoria Garcia,1.1,398.56,Routine preventive service; vehicle returned to service after 1.1 day(s).
535,TRK-ACT-37,2024-08-10,Preventive,Medium,Full Preventive Service Inspection performed per scheduled maintenance calendar.,Multi-point Service Kit,Joshua Blair,1.5,339.41,Routine preventive service; vehicle returned to service after 1.5 day(s).
536,TRK-ACT-37,2024-11-05,Preventive,Low,Coolant System Flush performed per scheduled maintenance calendar.,Coolant + Thermostat,Victoria Garcia,1.0,213.12,Routine preventive service; vehicle returned to service after 1.0 day(s).
537,TRK-ACT-37,2024-11-09,Corrective,Low,"Water Pump Failure; part inspected, replaced, and road-tested.",Water Pump,Brent Jordan,1.3,291.93,"Unscheduled repair. Vehicle down for 1.3 day(s), cost $291.93 USD."
538,TRK-ACT-37,2025-01-29,Preventive,Medium,Full Preventive Service Inspection performed per scheduled maintenance calendar.,Multi-point Service Kit,Mark Perez,1.2,350.36,Routine preventive service; vehicle returned to service after 1.2 day(s).
539,TRK-ACT-37,2025-03-21,Corrective,Medium,"Starter Motor Failure; part inspected, replaced, and road-tested.",Starter Motor,Crystal Robinson,2.1,482.51,"Unscheduled repair. Vehicle down for 2.1 day(s), cost $482.51 USD."
540,TRK-ACT-37,2025-04-23,Corrective,Critical,"Differential Failure; part inspected, replaced, and road-tested.",Differential Assembly,Jessica Holmes,3.8,1449.28,"Unscheduled repair. Vehicle down for 3.8 day(s), cost $1,449.28 USD."
541,TRK-ACT-37,2025-05-01,Preventive,Medium,Full Preventive Service Inspection performed per scheduled maintenance calendar.,Multi-point Service Kit,Eric Carney,1.2,424.96,Routine preventive service; vehicle returned to service after 1.2 day(s).
542,TRK-ACT-37,2025-05-09,Corrective,High,"Radiator Leak / Overheating; part inspected, replaced, and road-tested.",Radiator Assembly,Timothy Duncan,3.2,479.98,"Unscheduled repair. Vehicle down for 3.2 day(s), cost $479.98 USD."
543,TRK-ACT-37,2025-05-25,Corrective,Medium,"Starter Motor Failure; part inspected, replaced, and road-tested.",Starter Motor,Timothy Duncan,2.1,465.72,"Unscheduled repair. Vehicle down for 2.1 day(s), cost $465.72 USD."
544,TRK-ACT-37,2025-08-05,Preventive,Low,Air Filter Replacement performed per scheduled maintenance calendar.,Air Filter Element,Victoria Garcia,0.8,155.53,Routine preventive service; vehicle returned to service after 0.8 day(s).
545,TRK-ACT-37,2025-10-31,Preventive,Medium,Full Preventive Service Inspection performed per scheduled maintenance calendar.,Multi-point Service Kit,Brent Jordan,1.0,375.64,Routine preventive service; vehicle returned to service after 1.0 day(s).
546,TRK-ACT-37,2025-11-24,Corrective,Critical,"Turbocharger Assembly Failure; part inspected, replaced, and road-tested.",Turbocharger Assembly,Eric Carney,7.7,1600.0,"Unscheduled repair. Vehicle down for 7.7 day(s), cost $1,600.00 USD."
547,TRK-ACT-37,2025-12-30,Corrective,Critical,"Differential Failure; part inspected, replaced, and road-tested.",Differential Assembly,John Pierce,4.7,1570.48,"Unscheduled repair. Vehicle down for 4.7 day(s), cost $1,570.48 USD."
548,TRK-ACT-37,2026-01-26,Preventive,Low,Air Filter Replacement performed per scheduled maintenance calendar.,Air Filter Element,Brent Jordan,0.7,159.39,Routine preventive service; vehicle returned to service after 0.7 day(s).
549,TRK-ACT-37,2026-04-08,Corrective,Critical,"Differential Failure; part inspected, replaced, and road-tested.",Differential Assembly,John Pierce,4.9,1495.64,"Unscheduled repair. Vehicle down for 4.9 day(s), cost $1,495.64 USD."
550,TRK-ACT-37,2026-04-17,Preventive,Low,Tire Rotation & Pressure Check performed per scheduled maintenance calendar.,N/A (Service Only),Brent Jordan,0.8,210.89,Routine preventive service; vehicle returned to service after 0.8 day(s).
551,TRK-ACT-37,2026-06-20,Preventive,Low,Tire Rotation & Pressure Check performed per scheduled maintenance calendar.,N/A (Service Only),Crystal Robinson,0.6,162.98,Routine preventive service; vehicle returned to service after 0.6 day(s).
552,TRK-ACT-38,2024-07-10,Preventive,Medium,Battery Health Check & Replacement performed per scheduled maintenance calendar.,Heavy-Duty Battery,Shane Henderson,0.6,246.61,Routine preventive service; vehicle returned to service after 0.6 day(s).
553,TRK-ACT-38,2024-09-27,Preventive,Medium,Full Preventive Service Inspection performed per scheduled maintenance calendar.,Multi-point Service Kit,Jessica Holmes,1.3,326.66,Routine preventive service; vehicle returned to service after 1.3 day(s).
554,TRK-ACT-38,2024-11-13,Corrective,Low,"Electrical / Wiring Fault; part inspected, replaced, and road-tested.",Wiring Harness Section,Danny Morgan,1.3,203.4,"Unscheduled repair. Vehicle down for 1.3 day(s), cost $203.40 USD."
555,TRK-ACT-38,2024-11-17,Corrective,Medium,"Starter Motor Failure; part inspected, replaced, and road-tested.",Starter Motor,Michael Lewis,1.4,500.06,"Unscheduled repair. Vehicle down for 1.4 day(s), cost $500.06 USD."
556,TRK-ACT-38,2024-12-13,Corrective,Low,"Electrical / Wiring Fault; part inspected, replaced, and road-tested.",Wiring Harness Section,Joshua Blair,1.0,225.52,"Unscheduled repair. Vehicle down for 1.0 day(s), cost $225.52 USD."
557,TRK-ACT-38,2024-12-23,Preventive,Low,Air Filter Replacement performed per scheduled maintenance calendar.,Air Filter Element,Crystal Robinson,0.8,216.77,Routine preventive service; vehicle returned to service after 0.8 day(s).
558,TRK-ACT-38,2025-02-06,Corrective,Low,"Electrical / Wiring Fault; part inspected, replaced, and road-tested.",Wiring Harness Section,John Pierce,1.3,332.88,"Unscheduled repair. Vehicle down for 1.3 day(s), cost $332.88 USD."
559,TRK-ACT-38,2025-02-09,Corrective,Medium,"Alternator Failure; part inspected, replaced, and road-tested.",Alternator Unit,John Daniel,2.0,416.99,"Unscheduled repair. Vehicle down for 2.0 day(s), cost $416.99 USD."
560,TRK-ACT-38,2025-03-05,Preventive,Low,Tire Rotation & Pressure Check performed per scheduled maintenance calendar.,N/A (Service Only),Danny Morgan,0.8,169.59,Routine preventive service; vehicle returned to service after 0.8 day(s).
561,TRK-ACT-38,2025-03-08,Corrective,Critical,"Differential Failure; part inspected, replaced, and road-tested.",Differential Assembly,Michael Lewis,5.7,1200.37,"Unscheduled repair. Vehicle down for 5.7 day(s), cost $1,200.37 USD."
562,TRK-ACT-38,2025-03-12,Corrective,High,"Fuel Injector Malfunction; part inspected, replaced, and road-tested.",Fuel Injector Set,John Pierce,3.4,623.51,"Unscheduled repair. Vehicle down for 3.4 day(s), cost $623.51 USD."
563,TRK-ACT-38,2025-05-09,Corrective,Critical,"Gearbox Overhaul; part inspected, replaced, and road-tested.",Gearbox Assembly,Eric Carney,7.4,1398.47,"Unscheduled repair. Vehicle down for 7.4 day(s), cost $1,398.47 USD."
564,TRK-ACT-38,2025-05-28,Preventive,Medium,Full Preventive Service Inspection performed per scheduled maintenance calendar.,Multi-point Service Kit,John Daniel,1.2,427.25,Routine preventive service; vehicle returned to service after 1.2 day(s).
565,TRK-ACT-38,2025-06-06,Corrective,Medium,"Alternator Failure; part inspected, replaced, and road-tested.",Alternator Unit,Brent Jordan,1.2,550.85,"Unscheduled repair. Vehicle down for 1.2 day(s), cost $550.85 USD."
566,TRK-ACT-38,2025-06-23,Corrective,Low,"Electrical / Wiring Fault; part inspected, replaced, and road-tested.",Wiring Harness Section,Mark Perez,1.0,176.34,"Unscheduled repair. Vehicle down for 1.0 day(s), cost $176.34 USD."
567,TRK-ACT-38,2025-07-09,Corrective,Low,"Electrical / Wiring Fault; part inspected, replaced, and road-tested.",Wiring Harness Section,Crystal Robinson,0.6,352.35,"Unscheduled repair. Vehicle down for 0.6 day(s), cost $352.35 USD."
568,TRK-ACT-38,2025-08-01,Corrective,Critical,"Gearbox Overhaul; part inspected, replaced, and road-tested.",Gearbox Assembly,Brent Jordan,7.2,1600.0,"Unscheduled repair. Vehicle down for 7.2 day(s), cost $1,600.00 USD."
569,TRK-ACT-38,2025-08-30,Corrective,Low,"Water Pump Failure; part inspected, replaced, and road-tested.",Water Pump,Shane Henderson,1.2,287.28,"Unscheduled repair. Vehicle down for 1.2 day(s), cost $287.28 USD."
570,TRK-ACT-38,2025-09-01,Corrective,High,"Radiator Leak / Overheating; part inspected, replaced, and road-tested.",Radiator Assembly,Timothy Duncan,2.6,765.67,"Unscheduled repair. Vehicle down for 2.6 day(s), cost $765.67 USD."
571,TRK-ACT-38,2025-09-17,Preventive,Low,Coolant System Flush performed per scheduled maintenance calendar.,Coolant + Thermostat,Jessica Holmes,0.7,188.16,Routine preventive service; vehicle returned to service after 0.7 day(s).
572,TRK-ACT-38,2025-11-08,Corrective,Medium,"Suspension Leaf Spring Break; part inspected, replaced, and road-tested.",Leaf Spring Set,Mark Perez,2.7,435.18,"Unscheduled repair. Vehicle down for 2.7 day(s), cost $435.18 USD."
573,TRK-ACT-38,2025-12-10,Corrective,Critical,"Turbocharger Assembly Failure; part inspected, replaced, and road-tested.",Turbocharger Assembly,Shane Henderson,6.2,1371.47,"Unscheduled repair. Vehicle down for 6.2 day(s), cost $1,371.47 USD."
574,TRK-ACT-38,2025-12-19,Corrective,Medium,"Starter Motor Failure; part inspected, replaced, and road-tested.",Starter Motor,Victoria Garcia,2.3,354.8,"Unscheduled repair. Vehicle down for 2.3 day(s), cost $354.80 USD."
575,TRK-ACT-38,2025-12-21,Preventive,Medium,Brake Inspection & Pad Service performed per scheduled maintenance calendar.,Brake Pads (Front/Rear),Victoria Garcia,1.3,365.95,Routine preventive service; vehicle returned to service after 1.3 day(s).
576,TRK-ACT-38,2026-03-06,Corrective,Critical,"Gearbox Overhaul; part inspected, replaced, and road-tested.",Gearbox Assembly,Shane Henderson,7.9,1565.22,"Unscheduled repair. Vehicle down for 7.9 day(s), cost $1,565.22 USD."
577,TRK-ACT-38,2026-03-07,Preventive,Low,Air Filter Replacement performed per scheduled maintenance calendar.,Air Filter Element,Shannon Jones,0.5,207.01,Routine preventive service; vehicle returned to service after 0.5 day(s).
578,TRK-ACT-38,2026-06-16,Preventive,Low,Coolant System Flush performed per scheduled maintenance calendar.,Coolant + Thermostat,Joshua Blair,0.6,206.65,Routine preventive service; vehicle returned to service after 0.6 day(s).
579,TRK-ACT-39,2024-08-29,Preventive,Low,Oil & Filter Change performed per scheduled maintenance calendar.,Engine Oil + Oil Filter,Danny Morgan,0.7,192.42,Routine preventive service; vehicle returned to service after 0.7 day(s).
580,TRK-ACT-39,2024-09-14,Corrective,Critical,"Gearbox Overhaul; part inspected, replaced, and road-tested.",Gearbox Assembly,Danny Morgan,5.7,1529.53,"Unscheduled repair. Vehicle down for 5.7 day(s), cost $1,529.53 USD."
581,TRK-ACT-39,2024-12-09,Preventive,Medium,Battery Health Check & Replacement performed per scheduled maintenance calendar.,Heavy-Duty Battery,Brent Jordan,0.7,382.91,Routine preventive service; vehicle returned to service after 0.7 day(s).
582,TRK-ACT-39,2024-12-12,Corrective,High,"Fuel Injector Malfunction; part inspected, replaced, and road-tested.",Fuel Injector Set,Mark Perez,2.3,571.97,"Unscheduled repair. Vehicle down for 2.3 day(s), cost $571.97 USD."
583,TRK-ACT-39,2025-02-28,Preventive,Low,Coolant System Flush performed per scheduled maintenance calendar.,Coolant + Thermostat,Shane Henderson,0.5,313.76,Routine preventive service; vehicle returned to service after 0.5 day(s).
584,TRK-ACT-39,2025-05-27,Preventive,Medium,Battery Health Check & Replacement performed per scheduled maintenance calendar.,Heavy-Duty Battery,Crystal Robinson,0.8,354.24,Routine preventive service; vehicle returned to service after 0.8 day(s).
585,TRK-ACT-39,2025-08-26,Preventive,Medium,Full Preventive Service Inspection performed per scheduled maintenance calendar.,Multi-point Service Kit,Joshua Blair,1.2,402.97,Routine preventive service; vehicle returned to service after 1.2 day(s).
586,TRK-ACT-39,2025-11-25,Preventive,Low,Air Filter Replacement performed per scheduled maintenance calendar.,Air Filter Element,Shane Henderson,0.8,166.7,Routine preventive service; vehicle returned to service after 0.8 day(s).
587,TRK-ACT-39,2026-01-13,Corrective,Critical,"Differential Failure; part inspected, replaced, and road-tested.",Differential Assembly,Victoria Garcia,3.3,1241.79,"Unscheduled repair. Vehicle down for 3.3 day(s), cost $1,241.79 USD."
588,TRK-ACT-39,2026-03-13,Preventive,Medium,Brake Inspection & Pad Service performed per scheduled maintenance calendar.,Brake Pads (Front/Rear),Eric Carney,1.5,293.16,Routine preventive service; vehicle returned to service after 1.5 day(s).
589,TRK-ACT-39,2026-06-20,Preventive,Low,Coolant System Flush performed per scheduled maintenance calendar.,Coolant + Thermostat,Jessica Holmes,0.5,189.38,Routine preventive service; vehicle returned to service after 0.5 day(s).
590,TRK-ACT-40,2024-07-26,Preventive,Medium,Brake Inspection & Pad Service performed per scheduled maintenance calendar.,Brake Pads (Front/Rear),John Pierce,1.3,396.63,Routine preventive service; vehicle returned to service after 1.3 day(s).
591,TRK-ACT-40,2024-08-09,Corrective,Low,"Electrical / Wiring Fault; part inspected, replaced, and road-tested.",Wiring Harness Section,Michael Lewis,1.4,266.12,"Unscheduled repair. Vehicle down for 1.4 day(s), cost $266.12 USD."
592,TRK-ACT-40,2024-09-04,Corrective,High,"Fuel Injector Malfunction; part inspected, replaced, and road-tested.",Fuel Injector Set,John Daniel,3.2,777.28,"Unscheduled repair. Vehicle down for 3.2 day(s), cost $777.28 USD."
593,TRK-ACT-40,2024-11-01,Preventive,Low,Coolant System Flush performed per scheduled maintenance calendar.,Coolant + Thermostat,Brent Jordan,0.8,221.02,Routine preventive service; vehicle returned to service after 0.8 day(s).
594,TRK-ACT-40,2024-11-01,Corrective,Critical,"Gearbox Overhaul; part inspected, replaced, and road-tested.",Gearbox Assembly,John Pierce,6.1,1324.83,"Unscheduled repair. Vehicle down for 6.1 day(s), cost $1,324.83 USD."
595,TRK-ACT-40,2024-11-18,Corrective,Critical,"Turbocharger Assembly Failure; part inspected, replaced, and road-tested.",Turbocharger Assembly,Timothy Duncan,6.8,1312.31,"Unscheduled repair. Vehicle down for 6.8 day(s), cost $1,312.31 USD."
596,TRK-ACT-40,2025-02-05,Preventive,Low,Oil & Filter Change performed per scheduled maintenance calendar.,Engine Oil + Oil Filter,Crystal Robinson,0.6,172.27,Routine preventive service; vehicle returned to service after 0.6 day(s).
597,TRK-ACT-40,2025-05-21,Preventive,Low,Air Filter Replacement performed per scheduled maintenance calendar.,Air Filter Element,Victoria Garcia,0.6,210.19,Routine preventive service; vehicle returned to service after 0.6 day(s).
598,TRK-ACT-40,2025-07-15,Corrective,Low,"Water Pump Failure; part inspected, replaced, and road-tested.",Water Pump,John Daniel,1.2,330.43,"Unscheduled repair. Vehicle down for 1.2 day(s), cost $330.43 USD."
599,TRK-ACT-40,2025-08-22,Preventive,Low,Coolant System Flush performed per scheduled maintenance calendar.,Coolant + Thermostat,Mark Perez,0.7,296.74,Routine preventive service; vehicle returned to service after 0.7 day(s).
600,TRK-ACT-40,2025-12-02,Preventive,Medium,Battery Health Check & Replacement performed per scheduled maintenance calendar.,Heavy-Duty Battery,Danny Morgan,0.8,357.7,Routine preventive service; vehicle returned to service after 0.8 day(s).
601,TRK-ACT-40,2026-02-23,Preventive,Low,Oil & Filter Change performed per scheduled maintenance calendar.,Engine Oil + Oil Filter,Danny Morgan,0.6,172.77,Routine preventive service; vehicle returned to service after 0.6 day(s).
602,TRK-ACT-40,2026-03-13,Corrective,Medium,"Starter Motor Failure; part inspected, replaced, and road-tested.",Starter Motor,Jessica Holmes,1.7,402.68,"Unscheduled repair. Vehicle down for 1.7 day(s), cost $402.68 USD."
603,TRK-ACT-40,2026-06-12,Preventive,Low,Tire Rotation & Pressure Check performed per scheduled maintenance calendar.,N/A (Service Only),John Daniel,0.6,164.49,Routine preventive service; vehicle returned to service after 0.6 day(s).
604,TRK-ACT-41,2024-07-09,Corrective,Medium,"Brake Drum / Shoe Failure; part inspected, replaced, and road-tested.",Brake Drum & Shoe Set,Richard Aguirre,1.8,531.62,"Unscheduled repair. Vehicle down for 1.8 day(s), cost $531.62 USD."
605,TRK-ACT-41,2024-07-15,Preventive,Low,Oil & Filter Change performed per scheduled maintenance calendar.,Engine Oil + Oil Filter,John Pierce,0.7,259.57,Routine preventive service; vehicle returned to service after 0.7 day(s).
606,TRK-ACT-41,2024-10-19,Preventive,Low,Air Filter Replacement performed per scheduled maintenance calendar.,Air Filter Element,Mark Perez,0.7,160.98,Routine preventive service; vehicle returned to service after 0.7 day(s).
607,TRK-ACT-41,2024-12-16,Corrective,Medium,"Alternator Failure; part inspected, replaced, and road-tested.",Alternator Unit,Richard Aguirre,2.2,529.09,"Unscheduled repair. Vehicle down for 2.2 day(s), cost $529.09 USD."
608,TRK-ACT-41,2024-12-25,Corrective,Low,"Electrical / Wiring Fault; part inspected, replaced, and road-tested.",Wiring Harness Section,Shane Henderson,0.7,320.46,"Unscheduled repair. Vehicle down for 0.7 day(s), cost $320.46 USD."
609,TRK-ACT-41,2025-01-10,Corrective,Critical,"Gearbox Overhaul; part inspected, replaced, and road-tested.",Gearbox Assembly,Jessica Holmes,7.1,1593.0,"Unscheduled repair. Vehicle down for 7.1 day(s), cost $1,593.00 USD."
610,TRK-ACT-41,2025-01-19,Corrective,Medium,"Alternator Failure; part inspected, replaced, and road-tested.",Alternator Unit,Shane Henderson,1.4,650.22,"Unscheduled repair. Vehicle down for 1.4 day(s), cost $650.22 USD."
611,TRK-ACT-41,2025-01-25,Preventive,Low,Tire Rotation & Pressure Check performed per scheduled maintenance calendar.,N/A (Service Only),Eric Carney,0.8,196.67,Routine preventive service; vehicle returned to service after 0.8 day(s).
612,TRK-ACT-41,2025-04-03,Preventive,Low,Air Filter Replacement performed per scheduled maintenance calendar.,Air Filter Element,Brent Jordan,0.6,214.0,Routine preventive service; vehicle returned to service after 0.6 day(s).
613,TRK-ACT-41,2025-06-22,Preventive,Low,Oil & Filter Change performed per scheduled maintenance calendar.,Engine Oil + Oil Filter,Timothy Duncan,0.9,240.41,Routine preventive service; vehicle returned to service after 0.9 day(s).
614,TRK-ACT-41,2025-07-27,Corrective,Critical,"Differential Failure; part inspected, replaced, and road-tested.",Differential Assembly,John Pierce,6.1,1557.61,"Unscheduled repair. Vehicle down for 6.1 day(s), cost $1,557.61 USD."
615,TRK-ACT-41,2025-08-08,Corrective,Medium,"Suspension Leaf Spring Break; part inspected, replaced, and road-tested.",Leaf Spring Set,Danny Morgan,1.2,439.51,"Unscheduled repair. Vehicle down for 1.2 day(s), cost $439.51 USD."
616,TRK-ACT-41,2025-08-27,Corrective,Medium,"Alternator Failure; part inspected, replaced, and road-tested.",Alternator Unit,John Daniel,2.0,560.51,"Unscheduled repair. Vehicle down for 2.0 day(s), cost $560.51 USD."
617,TRK-ACT-41,2025-09-17,Preventive,Low,Tire Rotation & Pressure Check performed per scheduled maintenance calendar.,N/A (Service Only),Danny Morgan,0.7,171.27,Routine preventive service; vehicle returned to service after 0.7 day(s).
618,TRK-ACT-41,2025-09-29,Corrective,Low,"Water Pump Failure; part inspected, replaced, and road-tested.",Water Pump,Shannon Jones,2.1,351.78,"Unscheduled repair. Vehicle down for 2.1 day(s), cost $351.78 USD."
619,TRK-ACT-41,2025-12-01,Preventive,Low,Tire Rotation & Pressure Check performed per scheduled maintenance calendar.,N/A (Service Only),Michael Lewis,0.8,221.49,Routine preventive service; vehicle returned to service after 0.8 day(s).
620,TRK-ACT-41,2025-12-21,Corrective,Medium,"Suspension Leaf Spring Break; part inspected, replaced, and road-tested.",Leaf Spring Set,Shane Henderson,2.6,607.29,"Unscheduled repair. Vehicle down for 2.6 day(s), cost $607.29 USD."
621,TRK-ACT-41,2026-01-18,Corrective,Medium,"Starter Motor Failure; part inspected, replaced, and road-tested.",Starter Motor,Shane Henderson,1.2,347.43,"Unscheduled repair. Vehicle down for 1.2 day(s), cost $347.43 USD."
622,TRK-ACT-41,2026-03-04,Preventive,Medium,Brake Inspection & Pad Service performed per scheduled maintenance calendar.,Brake Pads (Front/Rear),Joshua Blair,1.3,397.43,Routine preventive service; vehicle returned to service after 1.3 day(s).
623,TRK-ACT-41,2026-04-05,Corrective,Medium,"Starter Motor Failure; part inspected, replaced, and road-tested.",Starter Motor,John Daniel,2.0,544.56,"Unscheduled repair. Vehicle down for 2.0 day(s), cost $544.56 USD."
624,TRK-ACT-41,2026-04-10,Corrective,High,"Clutch Assembly Failure; part inspected, replaced, and road-tested.",Clutch Plate & Pressure Plate,Crystal Robinson,3.6,893.65,"Unscheduled repair. Vehicle down for 3.6 day(s), cost $893.65 USD."
625,TRK-ACT-41,2026-06-25,Preventive,Low,Tire Rotation & Pressure Check performed per scheduled maintenance calendar.,N/A (Service Only),Timothy Duncan,0.9,177.38,Routine preventive service; vehicle returned to service after 0.9 day(s).
626,TRK-ACT-42,2024-08-16,Preventive,Medium,Brake Inspection & Pad Service performed per scheduled maintenance calendar.,Brake Pads (Front/Rear),Joshua Blair,1.1,342.87,Routine preventive service; vehicle returned to service after 1.1 day(s).
627,TRK-ACT-42,2024-09-03,Corrective,Medium,"Suspension Leaf Spring Break; part inspected, replaced, and road-tested.",Leaf Spring Set,Jessica Holmes,2.8,605.04,"Unscheduled repair. Vehicle down for 2.8 day(s), cost $605.04 USD."
628,TRK-ACT-42,2024-11-11,Preventive,Low,Coolant System Flush performed per scheduled maintenance calendar.,Coolant + Thermostat,Eric Carney,0.8,264.35,Routine preventive service; vehicle returned to service after 0.8 day(s).
629,TRK-ACT-42,2025-03-06,Preventive,Low,Oil & Filter Change performed per scheduled maintenance calendar.,Engine Oil + Oil Filter,Brent Jordan,0.7,233.93,Routine preventive service; vehicle returned to service after 0.7 day(s).
630,TRK-ACT-42,2025-05-19,Preventive,Low,Tire Rotation & Pressure Check performed per scheduled maintenance calendar.,N/A (Service Only),Timothy Duncan,0.7,226.25,Routine preventive service; vehicle returned to service after 0.7 day(s).
631,TRK-ACT-42,2025-07-29,Preventive,Medium,Full Preventive Service Inspection performed per scheduled maintenance calendar.,Multi-point Service Kit,Jessica Holmes,1.5,326.56,Routine preventive service; vehicle returned to service after 1.5 day(s).
632,TRK-ACT-42,2025-08-27,Corrective,Critical,"Differential Failure; part inspected, replaced, and road-tested.",Differential Assembly,Richard Aguirre,5.3,1433.69,"Unscheduled repair. Vehicle down for 5.3 day(s), cost $1,433.69 USD."
633,TRK-ACT-42,2025-10-15,Preventive,Medium,Battery Health Check & Replacement performed per scheduled maintenance calendar.,Heavy-Duty Battery,Crystal Robinson,0.9,334.05,Routine preventive service; vehicle returned to service after 0.9 day(s).
634,TRK-ACT-42,2025-12-01,Corrective,High,"Clutch Assembly Failure; part inspected, replaced, and road-tested.",Clutch Plate & Pressure Plate,Richard Aguirre,3.7,761.65,"Unscheduled repair. Vehicle down for 3.7 day(s), cost $761.65 USD."
635,TRK-ACT-42,2026-01-13,Preventive,Low,Oil & Filter Change performed per scheduled maintenance calendar.,Engine Oil + Oil Filter,Jessica Holmes,0.8,205.02,Routine preventive service; vehicle returned to service after 0.8 day(s).
636,TRK-ACT-42,2026-04-08,Preventive,Low,Air Filter Replacement performed per scheduled maintenance calendar.,Air Filter Element,Shannon Jones,0.7,161.33,Routine preventive service; vehicle returned to service after 0.7 day(s).
637,TRK-ACT-42,2026-06-24,Preventive,Medium,Battery Health Check & Replacement performed per scheduled maintenance calendar.,Heavy-Duty Battery,Eric Carney,0.7,312.56,Routine preventive service; vehicle returned to service after 0.7 day(s).
638,TRK-ACT-43,2024-08-04,Preventive,Medium,Battery Health Check & Replacement performed per scheduled maintenance calendar.,Heavy-Duty Battery,Michael Lewis,0.5,321.02,Routine preventive service; vehicle returned to service after 0.5 day(s).
639,TRK-ACT-43,2024-11-14,Corrective,High,"Fuel Injector Malfunction; part inspected, replaced, and road-tested.",Fuel Injector Set,Michael Lewis,2.6,881.93,"Unscheduled repair. Vehicle down for 2.6 day(s), cost $881.93 USD."
640,TRK-ACT-43,2024-12-03,Preventive,Medium,Full Preventive Service Inspection performed per scheduled maintenance calendar.,Multi-point Service Kit,Danny Morgan,1.0,436.14,Routine preventive service; vehicle returned to service after 1.0 day(s).
641,TRK-ACT-43,2025-04-17,Preventive,Medium,Brake Inspection & Pad Service performed per scheduled maintenance calendar.,Brake Pads (Front/Rear),John Daniel,1.5,387.4,Routine preventive service; vehicle returned to service after 1.5 day(s).
642,TRK-ACT-43,2025-04-26,Corrective,Medium,"Suspension Leaf Spring Break; part inspected, replaced, and road-tested.",Leaf Spring Set,Brent Jordan,2.7,714.16,"Unscheduled repair. Vehicle down for 2.7 day(s), cost $714.16 USD."
643,TRK-ACT-43,2025-06-10,Corrective,High,"Clutch Assembly Failure; part inspected, replaced, and road-tested.",Clutch Plate & Pressure Plate,Timothy Duncan,3.2,834.87,"Unscheduled repair. Vehicle down for 3.2 day(s), cost $834.87 USD."
644,TRK-ACT-43,2025-07-25,Preventive,Low,Oil & Filter Change performed per scheduled maintenance calendar.,Engine Oil + Oil Filter,Danny Morgan,0.8,253.36,Routine preventive service; vehicle returned to service after 0.8 day(s).
645,TRK-ACT-43,2025-10-16,Preventive,Low,Coolant System Flush performed per scheduled maintenance calendar.,Coolant + Thermostat,Jessica Holmes,0.9,248.31,Routine preventive service; vehicle returned to service after 0.9 day(s).
646,TRK-ACT-43,2025-11-13,Corrective,Medium,"Starter Motor Failure; part inspected, replaced, and road-tested.",Starter Motor,Danny Morgan,1.3,541.45,"Unscheduled repair. Vehicle down for 1.3 day(s), cost $541.45 USD."
647,TRK-ACT-43,2026-01-17,Preventive,Medium,Battery Health Check & Replacement performed per scheduled maintenance calendar.,Heavy-Duty Battery,Mark Perez,0.5,291.14,Routine preventive service; vehicle returned to service after 0.5 day(s).
648,TRK-ACT-43,2026-02-18,Corrective,Low,"Water Pump Failure; part inspected, replaced, and road-tested.",Water Pump,Mark Perez,1.2,431.45,"Unscheduled repair. Vehicle down for 1.2 day(s), cost $431.45 USD."
649,TRK-ACT-43,2026-04-13,Preventive,Medium,Brake Inspection & Pad Service performed per scheduled maintenance calendar.,Brake Pads (Front/Rear),Eric Carney,1.2,267.51,Routine preventive service; vehicle returned to service after 1.2 day(s).
650,TRK-ACT-43,2026-06-26,Preventive,Low,Coolant System Flush performed per scheduled maintenance calendar.,Coolant + Thermostat,Brent Jordan,0.7,226.61,Routine preventive service; vehicle returned to service after 0.7 day(s).
651,TRK-ACT-44,2024-08-28,Preventive,Low,Coolant System Flush performed per scheduled maintenance calendar.,Coolant + Thermostat,Shannon Jones,0.6,317.05,Routine preventive service; vehicle returned to service after 0.6 day(s).
652,TRK-ACT-44,2024-12-14,Preventive,Low,Coolant System Flush performed per scheduled maintenance calendar.,Coolant + Thermostat,Shannon Jones,0.5,283.9,Routine preventive service; vehicle returned to service after 0.5 day(s).
653,TRK-ACT-44,2025-04-06,Preventive,Low,Air Filter Replacement performed per scheduled maintenance calendar.,Air Filter Element,Joshua Blair,0.7,154.92,Routine preventive service; vehicle returned to service after 0.7 day(s).
654,TRK-ACT-44,2025-04-13,Corrective,High,"Clutch Assembly Failure; part inspected, replaced, and road-tested.",Clutch Plate & Pressure Plate,Shane Henderson,3.3,688.9,"Unscheduled repair. Vehicle down for 3.3 day(s), cost $688.90 USD."
655,TRK-ACT-44,2025-06-23,Preventive,Medium,Full Preventive Service Inspection performed per scheduled maintenance calendar.,Multi-point Service Kit,Jessica Holmes,1.2,345.47,Routine preventive service; vehicle returned to service after 1.2 day(s).
656,TRK-ACT-44,2025-10-09,Preventive,Medium,Brake Inspection & Pad Service performed per scheduled maintenance calendar.,Brake Pads (Front/Rear),Danny Morgan,1.0,244.7,Routine preventive service; vehicle returned to service after 1.0 day(s).
657,TRK-ACT-44,2026-01-07,Preventive,Medium,Battery Health Check & Replacement performed per scheduled maintenance calendar.,Heavy-Duty Battery,Jessica Holmes,0.9,280.38,Routine preventive service; vehicle returned to service after 0.9 day(s).
658,TRK-ACT-44,2026-04-09,Preventive,Low,Oil & Filter Change performed per scheduled maintenance calendar.,Engine Oil + Oil Filter,Richard Aguirre,0.9,247.77,Routine preventive service; vehicle returned to service after 0.9 day(s).
659,TRK-ACT-44,2026-04-28,Corrective,Critical,"Turbocharger Assembly Failure; part inspected, replaced, and road-tested.",Turbocharger Assembly,John Pierce,5.9,1411.73,"Unscheduled repair. Vehicle down for 5.9 day(s), cost $1,411.73 USD."
660,TRK-ACT-45,2024-07-08,Preventive,Medium,Brake Inspection & Pad Service performed per scheduled maintenance calendar.,Brake Pads (Front/Rear),Timothy Duncan,1.4,257.86,Routine preventive service; vehicle returned to service after 1.4 day(s).
661,TRK-ACT-45,2024-08-02,Corrective,Medium,"Suspension Leaf Spring Break; part inspected, replaced, and road-tested.",Leaf Spring Set,Richard Aguirre,1.3,431.19,"Unscheduled repair. Vehicle down for 1.3 day(s), cost $431.19 USD."
662,TRK-ACT-45,2024-09-23,Preventive,Low,Coolant System Flush performed per scheduled maintenance calendar.,Coolant + Thermostat,Michael Lewis,0.6,319.57,Routine preventive service; vehicle returned to service after 0.6 day(s).
663,TRK-ACT-45,2024-11-21,Preventive,Low,Tire Rotation & Pressure Check performed per scheduled maintenance calendar.,N/A (Service Only),Shane Henderson,0.8,189.41,Routine preventive service; vehicle returned to service after 0.8 day(s).
664,TRK-ACT-45,2025-02-23,Preventive,Low,Oil & Filter Change performed per scheduled maintenance calendar.,Engine Oil + Oil Filter,Brent Jordan,0.6,196.52,Routine preventive service; vehicle returned to service after 0.6 day(s).
665,TRK-ACT-45,2025-05-26,Preventive,Medium,Full Preventive Service Inspection performed per scheduled maintenance calendar.,Multi-point Service Kit,John Daniel,1.1,401.66,Routine preventive service; vehicle returned to service after 1.1 day(s).
666,TRK-ACT-45,2025-06-20,Corrective,Low,"Water Pump Failure; part inspected, replaced, and road-tested.",Water Pump,Shannon Jones,1.6,232.44,"Unscheduled repair. Vehicle down for 1.6 day(s), cost $232.44 USD."
667,TRK-ACT-45,2025-09-03,Preventive,Low,Tire Rotation & Pressure Check performed per scheduled maintenance calendar.,N/A (Service Only),Mark Perez,0.5,209.03,Routine preventive service; vehicle returned to service after 0.5 day(s).
668,TRK-ACT-45,2025-11-29,Preventive,Low,Coolant System Flush performed per scheduled maintenance calendar.,Coolant + Thermostat,Danny Morgan,0.8,226.16,Routine preventive service; vehicle returned to service after 0.8 day(s).
669,TRK-ACT-45,2026-01-31,Corrective,Medium,"Brake Drum / Shoe Failure; part inspected, replaced, and road-tested.",Brake Drum & Shoe Set,Crystal Robinson,2.1,370.39,"Unscheduled repair. Vehicle down for 2.1 day(s), cost $370.39 USD."
670,TRK-ACT-45,2026-03-24,Preventive,Medium,Full Preventive Service Inspection performed per scheduled maintenance calendar.,Multi-point Service Kit,Jessica Holmes,1.2,414.22,Routine preventive service; vehicle returned to service after 1.2 day(s).
671,TRK-ACT-45,2026-04-26,Corrective,High,"Clutch Assembly Failure; part inspected, replaced, and road-tested.",Clutch Plate & Pressure Plate,Richard Aguirre,4.3,706.41,"Unscheduled repair. Vehicle down for 4.3 day(s), cost $706.41 USD."
672,TRK-ACT-45,2026-06-19,Preventive,Medium,Brake Inspection & Pad Service performed per scheduled maintenance calendar.,Brake Pads (Front/Rear),Eric Carney,1.5,417.39,Routine preventive service; vehicle returned to service after 1.5 day(s).
673,TRK-ACT-46,2024-07-28,Preventive,Low,Coolant System Flush performed per scheduled maintenance calendar.,Coolant + Thermostat,Joshua Blair,0.8,192.12,Routine preventive service; vehicle returned to service after 0.8 day(s).
674,TRK-ACT-46,2024-10-25,Preventive,Medium,Full Preventive Service Inspection performed per scheduled maintenance calendar.,Multi-point Service Kit,Brent Jordan,1.4,337.16,Routine preventive service; vehicle returned to service after 1.4 day(s).
675,TRK-ACT-46,2024-11-08,Corrective,Low,"Water Pump Failure; part inspected, replaced, and road-tested.",Water Pump,Danny Morgan,1.8,282.76,"Unscheduled repair. Vehicle down for 1.8 day(s), cost $282.76 USD."
676,TRK-ACT-46,2025-01-17,Corrective,Low,"Electrical / Wiring Fault; part inspected, replaced, and road-tested.",Wiring Harness Section,Joshua Blair,0.6,283.27,"Unscheduled repair. Vehicle down for 0.6 day(s), cost $283.27 USD."
677,TRK-ACT-46,2025-02-11,Preventive,Low,Air Filter Replacement performed per scheduled maintenance calendar.,Air Filter Element,Eric Carney,0.7,216.58,Routine preventive service; vehicle returned to service after 0.7 day(s).
678,TRK-ACT-46,2025-05-09,Preventive,Low,Coolant System Flush performed per scheduled maintenance calendar.,Coolant + Thermostat,Danny Morgan,0.9,286.02,Routine preventive service; vehicle returned to service after 0.9 day(s).
679,TRK-ACT-46,2025-06-20,Corrective,Low,"Electrical / Wiring Fault; part inspected, replaced, and road-tested.",Wiring Harness Section,Danny Morgan,1.0,322.13,"Unscheduled repair. Vehicle down for 1.0 day(s), cost $322.13 USD."
680,TRK-ACT-46,2025-06-25,Corrective,Medium,"Brake Drum / Shoe Failure; part inspected, replaced, and road-tested.",Brake Drum & Shoe Set,Richard Aguirre,1.5,263.28,"Unscheduled repair. Vehicle down for 1.5 day(s), cost $263.28 USD."
681,TRK-ACT-46,2025-08-28,Preventive,Medium,Full Preventive Service Inspection performed per scheduled maintenance calendar.,Multi-point Service Kit,Eric Carney,1.2,305.71,Routine preventive service; vehicle returned to service after 1.2 day(s).
682,TRK-ACT-46,2025-12-04,Preventive,Medium,Battery Health Check & Replacement performed per scheduled maintenance calendar.,Heavy-Duty Battery,John Daniel,0.7,357.17,Routine preventive service; vehicle returned to service after 0.7 day(s).
683,TRK-ACT-46,2026-02-15,Preventive,Low,Oil & Filter Change performed per scheduled maintenance calendar.,Engine Oil + Oil Filter,John Pierce,0.6,154.38,Routine preventive service; vehicle returned to service after 0.6 day(s).
684,TRK-ACT-46,2026-04-05,Corrective,Medium,"Alternator Failure; part inspected, replaced, and road-tested.",Alternator Unit,Mark Perez,1.1,503.41,"Unscheduled repair. Vehicle down for 1.1 day(s), cost $503.41 USD."
685,TRK-ACT-46,2026-05-02,Corrective,Medium,"Suspension Leaf Spring Break; part inspected, replaced, and road-tested.",Leaf Spring Set,Timothy Duncan,3.1,415.41,"Unscheduled repair. Vehicle down for 3.1 day(s), cost $415.41 USD."
686,TRK-ACT-46,2026-05-06,Preventive,Medium,Battery Health Check & Replacement performed per scheduled maintenance calendar.,Heavy-Duty Battery,Timothy Duncan,0.7,219.64,Routine preventive service; vehicle returned to service after 0.7 day(s).
687,TRK-ACT-47,2024-08-17,Preventive,Low,Air Filter Replacement performed per scheduled maintenance calendar.,Air Filter Element,Shane Henderson,0.6,210.98,Routine preventive service; vehicle returned to service after 0.6 day(s).
688,TRK-ACT-47,2024-09-03,Corrective,Medium,"Alternator Failure; part inspected, replaced, and road-tested.",Alternator Unit,Timothy Duncan,2.1,578.69,"Unscheduled repair. Vehicle down for 2.1 day(s), cost $578.69 USD."
689,TRK-ACT-47,2024-10-06,Corrective,Medium,"Alternator Failure; part inspected, replaced, and road-tested.",Alternator Unit,Danny Morgan,1.8,598.73,"Unscheduled repair. Vehicle down for 1.8 day(s), cost $598.73 USD."
690,TRK-ACT-47,2024-10-28,Corrective,High,"Fuel Injector Malfunction; part inspected, replaced, and road-tested.",Fuel Injector Set,Eric Carney,2.5,777.25,"Unscheduled repair. Vehicle down for 2.5 day(s), cost $777.25 USD."
691,TRK-ACT-47,2024-11-02,Corrective,Medium,"Brake Drum / Shoe Failure; part inspected, replaced, and road-tested.",Brake Drum & Shoe Set,Joshua Blair,1.4,401.09,"Unscheduled repair. Vehicle down for 1.4 day(s), cost $401.09 USD."
692,TRK-ACT-47,2024-12-07,Preventive,Low,Air Filter Replacement performed per scheduled maintenance calendar.,Air Filter Element,John Daniel,0.7,190.62,Routine preventive service; vehicle returned to service after 0.7 day(s).
693,TRK-ACT-47,2025-02-15,Preventive,Medium,Brake Inspection & Pad Service performed per scheduled maintenance calendar.,Brake Pads (Front/Rear),Joshua Blair,1.2,229.63,Routine preventive service; vehicle returned to service after 1.2 day(s).
694,TRK-ACT-47,2025-06-15,Preventive,Medium,Brake Inspection & Pad Service performed per scheduled maintenance calendar.,Brake Pads (Front/Rear),Danny Morgan,1.2,245.1,Routine preventive service; vehicle returned to service after 1.2 day(s).
695,TRK-ACT-47,2025-06-25,Corrective,Medium,"Starter Motor Failure; part inspected, replaced, and road-tested.",Starter Motor,John Daniel,2.1,588.29,"Unscheduled repair. Vehicle down for 2.1 day(s), cost $588.29 USD."
696,TRK-ACT-47,2025-09-21,Preventive,Low,Coolant System Flush performed per scheduled maintenance calendar.,Coolant + Thermostat,Richard Aguirre,0.7,293.92,Routine preventive service; vehicle returned to service after 0.7 day(s).
697,TRK-ACT-47,2025-09-29,Corrective,Low,"Water Pump Failure; part inspected, replaced, and road-tested.",Water Pump,Timothy Duncan,2.0,254.9,"Unscheduled repair. Vehicle down for 2.0 day(s), cost $254.90 USD."
698,TRK-ACT-47,2025-11-15,Corrective,High,"Clutch Assembly Failure; part inspected, replaced, and road-tested.",Clutch Plate & Pressure Plate,Shane Henderson,4.4,932.9,"Unscheduled repair. Vehicle down for 4.4 day(s), cost $932.90 USD."
699,TRK-ACT-47,2025-12-15,Preventive,Medium,Full Preventive Service Inspection performed per scheduled maintenance calendar.,Multi-point Service Kit,Mark Perez,1.1,370.99,Routine preventive service; vehicle returned to service after 1.1 day(s).
700,TRK-ACT-47,2026-03-14,Preventive,Medium,Full Preventive Service Inspection performed per scheduled maintenance calendar.,Multi-point Service Kit,John Pierce,1.1,341.33,Routine preventive service; vehicle returned to service after 1.1 day(s).
701,TRK-ACT-47,2026-06-14,Preventive,Low,Oil & Filter Change performed per scheduled maintenance calendar.,Engine Oil + Oil Filter,Eric Carney,1.0,258.78,Routine preventive service; vehicle returned to service after 1.0 day(s).
702,TRK-ACT-48,2024-07-22,Preventive,Low,Oil & Filter Change performed per scheduled maintenance calendar.,Engine Oil + Oil Filter,Danny Morgan,0.9,200.96,Routine preventive service; vehicle returned to service after 0.9 day(s).
703,TRK-ACT-48,2024-10-26,Preventive,Low,Tire Rotation & Pressure Check performed per scheduled maintenance calendar.,N/A (Service Only),Michael Lewis,0.5,201.79,Routine preventive service; vehicle returned to service after 0.5 day(s).
704,TRK-ACT-48,2025-01-12,Preventive,Medium,Brake Inspection & Pad Service performed per scheduled maintenance calendar.,Brake Pads (Front/Rear),Jessica Holmes,1.4,365.67,Routine preventive service; vehicle returned to service after 1.4 day(s).
705,TRK-ACT-48,2025-02-06,Corrective,Critical,"Differential Failure; part inspected, replaced, and road-tested.",Differential Assembly,Timothy Duncan,6.0,1163.85,"Unscheduled repair. Vehicle down for 6.0 day(s), cost $1,163.85 USD."
706,TRK-ACT-48,2025-04-01,Preventive,Low,Air Filter Replacement performed per scheduled maintenance calendar.,Air Filter Element,Shannon Jones,0.7,218.0,Routine preventive service; vehicle returned to service after 0.7 day(s).
707,TRK-ACT-48,2025-05-28,Corrective,High,"Fuel Injector Malfunction; part inspected, replaced, and road-tested.",Fuel Injector Set,Timothy Duncan,2.7,865.43,"Unscheduled repair. Vehicle down for 2.7 day(s), cost $865.43 USD."
708,TRK-ACT-48,2025-06-22,Corrective,Low,"Water Pump Failure; part inspected, replaced, and road-tested.",Water Pump,Shane Henderson,2.1,356.71,"Unscheduled repair. Vehicle down for 2.1 day(s), cost $356.71 USD."
709,TRK-ACT-48,2025-07-02,Preventive,Low,Tire Rotation & Pressure Check performed per scheduled maintenance calendar.,N/A (Service Only),Victoria Garcia,0.8,199.53,Routine preventive service; vehicle returned to service after 0.8 day(s).
710,TRK-ACT-48,2025-10-07,Preventive,Low,Coolant System Flush performed per scheduled maintenance calendar.,Coolant + Thermostat,Mark Perez,0.6,278.39,Routine preventive service; vehicle returned to service after 0.6 day(s).
711,TRK-ACT-48,2026-01-15,Preventive,Low,Oil & Filter Change performed per scheduled maintenance calendar.,Engine Oil + Oil Filter,Mark Perez,1.0,259.73,Routine preventive service; vehicle returned to service after 1.0 day(s).
712,TRK-ACT-48,2026-03-16,Corrective,Critical,"Turbocharger Assembly Failure; part inspected, replaced, and road-tested.",Turbocharger Assembly,Victoria Garcia,6.1,1391.68,"Unscheduled repair. Vehicle down for 6.1 day(s), cost $1,391.68 USD."
713,TRK-ACT-48,2026-04-26,Preventive,Low,Oil & Filter Change performed per scheduled maintenance calendar.,Engine Oil + Oil Filter,Eric Carney,0.9,225.31,Routine preventive service; vehicle returned to service after 0.9 day(s).
714,TRK-ACT-48,2026-06-01,Corrective,High,"Radiator Leak / Overheating; part inspected, replaced, and road-tested.",Radiator Assembly,Brent Jordan,3.1,600.12,"Unscheduled repair. Vehicle down for 3.1 day(s), cost $600.12 USD."
715,TRK-ACT-49,2024-08-22,Preventive,Medium,Brake Inspection & Pad Service performed per scheduled maintenance calendar.,Brake Pads (Front/Rear),Shannon Jones,1.5,290.31,Routine preventive service; vehicle returned to service after 1.5 day(s).
716,TRK-ACT-49,2024-09-23,Corrective,High,"Clutch Assembly Failure; part inspected, replaced, and road-tested.",Clutch Plate & Pressure Plate,John Pierce,4.0,860.18,"Unscheduled repair. Vehicle down for 4.0 day(s), cost $860.18 USD."
717,TRK-ACT-49,2024-11-05,Corrective,Low,"Electrical / Wiring Fault; part inspected, replaced, and road-tested.",Wiring Harness Section,Michael Lewis,1.5,229.49,"Unscheduled repair. Vehicle down for 1.5 day(s), cost $229.49 USD."
718,TRK-ACT-49,2024-11-28,Preventive,Medium,Full Preventive Service Inspection performed per scheduled maintenance calendar.,Multi-point Service Kit,Brent Jordan,1.1,345.7,Routine preventive service; vehicle returned to service after 1.1 day(s).
719,TRK-ACT-49,2025-01-20,Corrective,Low,"Water Pump Failure; part inspected, replaced, and road-tested.",Water Pump,Joshua Blair,1.7,284.69,"Unscheduled repair. Vehicle down for 1.7 day(s), cost $284.69 USD."
720,TRK-ACT-49,2025-01-23,Corrective,High,"Fuel Injector Malfunction; part inspected, replaced, and road-tested.",Fuel Injector Set,Crystal Robinson,2.5,842.52,"Unscheduled repair. Vehicle down for 2.5 day(s), cost $842.52 USD."
721,TRK-ACT-49,2025-02-22,Preventive,Low,Air Filter Replacement performed per scheduled maintenance calendar.,Air Filter Element,Danny Morgan,0.8,195.48,Routine preventive service; vehicle returned to service after 0.8 day(s).
722,TRK-ACT-49,2025-05-07,Preventive,Low,Tire Rotation & Pressure Check performed per scheduled maintenance calendar.,N/A (Service Only),Joshua Blair,0.8,187.63,Routine preventive service; vehicle returned to service after 0.8 day(s).
723,TRK-ACT-49,2025-08-08,Preventive,Medium,Battery Health Check & Replacement performed per scheduled maintenance calendar.,Heavy-Duty Battery,Victoria Garcia,1.0,345.25,Routine preventive service; vehicle returned to service after 1.0 day(s).
724,TRK-ACT-49,2025-09-14,Corrective,Low,"Electrical / Wiring Fault; part inspected, replaced, and road-tested.",Wiring Harness Section,Shannon Jones,1.0,235.45,"Unscheduled repair. Vehicle down for 1.0 day(s), cost $235.45 USD."
725,TRK-ACT-49,2025-11-09,Preventive,Low,Tire Rotation & Pressure Check performed per scheduled maintenance calendar.,N/A (Service Only),Eric Carney,0.5,209.02,Routine preventive service; vehicle returned to service after 0.5 day(s).
726,TRK-ACT-49,2026-01-26,Preventive,Low,Coolant System Flush performed per scheduled maintenance calendar.,Coolant + Thermostat,Crystal Robinson,1.0,256.63,Routine preventive service; vehicle returned to service after 1.0 day(s).
727,TRK-ACT-49,2026-04-11,Preventive,Medium,Full Preventive Service Inspection performed per scheduled maintenance calendar.,Multi-point Service Kit,Jessica Holmes,1.1,425.72,Routine preventive service; vehicle returned to service after 1.1 day(s).
728,TRK-ACT-49,2026-05-21,Corrective,Low,"Electrical / Wiring Fault; part inspected, replaced, and road-tested.",Wiring Harness Section,Richard Aguirre,0.6,338.63,"Unscheduled repair. Vehicle down for 0.6 day(s), cost $338.63 USD."
729,TRK-ACT-50,2024-08-06,Corrective,Medium,"Brake Drum / Shoe Failure; part inspected, replaced, and road-tested.",Brake Drum & Shoe Set,Crystal Robinson,1.6,424.3,"Unscheduled repair. Vehicle down for 1.6 day(s), cost $424.30 USD."
730,TRK-ACT-50,2024-08-15,Preventive,Low,Tire Rotation & Pressure Check performed per scheduled maintenance calendar.,N/A (Service Only),Shannon Jones,0.8,213.15,Routine preventive service; vehicle returned to service after 0.8 day(s).
731,TRK-ACT-50,2024-08-18,Corrective,Low,"Water Pump Failure; part inspected, replaced, and road-tested.",Water Pump,Michael Lewis,1.6,268.89,"Unscheduled repair. Vehicle down for 1.6 day(s), cost $268.89 USD."
732,TRK-ACT-50,2024-11-16,Preventive,Medium,Brake Inspection & Pad Service performed per scheduled maintenance calendar.,Brake Pads (Front/Rear),Joshua Blair,1.5,331.57,Routine preventive service; vehicle returned to service after 1.5 day(s).
733,TRK-ACT-50,2024-11-18,Corrective,Critical,"Gearbox Overhaul; part inspected, replaced, and road-tested.",Gearbox Assembly,Timothy Duncan,7.8,1600.0,"Unscheduled repair. Vehicle down for 7.8 day(s), cost $1,600.00 USD."
734,TRK-ACT-50,2025-03-06,Preventive,Medium,Battery Health Check & Replacement performed per scheduled maintenance calendar.,Heavy-Duty Battery,Richard Aguirre,0.9,319.95,Routine preventive service; vehicle returned to service after 0.9 day(s).
735,TRK-ACT-50,2025-06-19,Preventive,Low,Tire Rotation & Pressure Check performed per scheduled maintenance calendar.,N/A (Service Only),Mark Perez,0.9,163.54,Routine preventive service; vehicle returned to service after 0.9 day(s).
736,TRK-ACT-50,2025-06-28,Corrective,Low,"Electrical / Wiring Fault; part inspected, replaced, and road-tested.",Wiring Harness Section,Joshua Blair,0.7,345.56,"Unscheduled repair. Vehicle down for 0.7 day(s), cost $345.56 USD."
737,TRK-ACT-50,2025-09-18,Preventive,Medium,Brake Inspection & Pad Service performed per scheduled maintenance calendar.,Brake Pads (Front/Rear),Shane Henderson,1.1,343.1,Routine preventive service; vehicle returned to service after 1.1 day(s).
738,TRK-ACT-50,2025-09-24,Corrective,Critical,"Differential Failure; part inspected, replaced, and road-tested.",Differential Assembly,Shannon Jones,3.6,1193.71,"Unscheduled repair. Vehicle down for 3.6 day(s), cost $1,193.71 USD."
739,TRK-ACT-50,2025-12-12,Preventive,Medium,Brake Inspection & Pad Service performed per scheduled maintenance calendar.,Brake Pads (Front/Rear),Eric Carney,1.1,228.14,Routine preventive service; vehicle returned to service after 1.1 day(s).
740,TRK-ACT-50,2026-02-25,Corrective,High,"Radiator Leak / Overheating; part inspected, replaced, and road-tested.",Radiator Assembly,John Daniel,2.5,494.6,"Unscheduled repair. Vehicle down for 2.5 day(s), cost $494.60 USD."
741,TRK-ACT-50,2026-03-19,Preventive,Low,Tire Rotation & Pressure Check performed per scheduled maintenance calendar.,N/A (Service Only),Timothy Duncan,0.5,235.57,Routine preventive service; vehicle returned to service after 0.5 day(s).
742,TRK-ACT-50,2026-06-10,Corrective,Critical,"Differential Failure; part inspected, replaced, and road-tested.",Differential Assembly,Crystal Robinson,4.1,1144.44,"Unscheduled repair. Vehicle down for 4.1 day(s), cost $1,144.44 USD."
743,TRK-ACT-50,2026-06-13,Preventive,Low,Tire Rotation & Pressure Check performed per scheduled maintenance calendar.,N/A (Service Only),Brent Jordan,0.9,178.93,Routine preventive service; vehicle returned to service after 0.9 day(s).
